null_index,seed,strategy,trials,auc_flow,auc_reachability,intact_flow,intact_pairs
0,20360915,random,30,0.574179,0.585969,12363,237405
0,20360915,out_strength,1,0.201466,0.353748,12363,237405
0,20360915,in_strength,1,0.593467,0.637685,12363,237405
0,20360915,betweenness,1,0.340233,0.487545,12363,237405
0,20360915,pagerank,1,0.594799,0.638688,12363,237405
0,20360915,sm_betweenness,1,0.344407,0.373624,12363,237405
1,20360916,random,30,0.575588,0.585711,12298,237405
1,20360916,out_strength,1,0.202733,0.358381,12298,237405
1,20360916,in_strength,1,0.592073,0.631096,12298,237405
1,20360916,betweenness,1,0.349151,0.503694,12298,237405
1,20360916,pagerank,1,0.588416,0.629164,12298,237405
1,20360916,sm_betweenness,1,0.337241,0.357389,12298,237405
2,20360917,random,30,0.575897,0.585153,12372,237405
2,20360917,out_strength,1,0.201468,0.356305,12372,237405
2,20360917,in_strength,1,0.593663,0.617524,12372,237405
2,20360917,betweenness,1,0.342155,0.493801,12372,237405
2,20360917,pagerank,1,0.596203,0.645846,12372,237405
2,20360917,sm_betweenness,1,0.364267,0.379519,12372,237405
3,20360918,random,30,0.574732,0.586377,12390,236740
3,20360918,out_strength,1,0.202188,0.356103,12390,236740
3,20360918,in_strength,1,0.584853,0.649015,12390,236740
3,20360918,betweenness,1,0.346411,0.499798,12390,236740
3,20360918,pagerank,1,0.598763,0.663065,12390,236740
3,20360918,sm_betweenness,1,0.327544,0.358715,12390,236740
4,20360919,random,30,0.575344,0.585564,12380,237405
4,20360919,out_strength,1,0.205723,0.360371,12380,237405
4,20360919,in_strength,1,0.597277,0.629958,12380,237405
4,20360919,betweenness,1,0.3481,0.4955,12380,237405
4,20360919,pagerank,1,0.589562,0.633885,12380,237405
4,20360919,sm_betweenness,1,0.351881,0.381247,12380,237405
5,20360920,random,30,0.575807,0.585599,12381,237405
5,20360920,out_strength,1,0.202737,0.356884,12381,237405
5,20360920,in_strength,1,0.598777,0.638351,12381,237405
5,20360920,betweenness,1,0.347938,0.510442,12381,237405
5,20360920,pagerank,1,0.579119,0.639629,12381,237405
5,20360920,sm_betweenness,1,0.356665,0.370862,12381,237405
6,20360921,random,30,0.574849,0.585625,12356,237405
6,20360921,out_strength,1,0.20376,0.356674,12356,237405
6,20360921,in_strength,1,0.603365,0.66588,12356,237405
6,20360921,betweenness,1,0.342468,0.495348,12356,237405
6,20360921,pagerank,1,0.59116,0.644801,12356,237405
6,20360921,sm_betweenness,1,0.361517,0.369753,12356,237405
7,20360922,random,30,0.574934,0.585737,12357,237405
7,20360922,out_strength,1,0.197799,0.353471,12357,237405
7,20360922,in_strength,1,0.581796,0.630859,12357,237405
7,20360922,betweenness,1,0.34362,0.501404,12357,237405
7,20360922,pagerank,1,0.603642,0.660251,12357,237405
7,20360922,sm_betweenness,1,0.349215,0.376995,12357,237405
8,20360923,random,30,0.574434,0.585749,12370,237405
8,20360923,out_strength,1,0.20193,0.359401,12370,237405
8,20360923,in_strength,1,0.602342,0.651239,12370,237405
8,20360923,betweenness,1,0.339095,0.506784,12370,237405
8,20360923,pagerank,1,0.589048,0.645276,12370,237405
8,20360923,sm_betweenness,1,0.335467,0.356549,12370,237405
9,20360924,random,30,0.575782,0.585831,12377,237405
9,20360924,out_strength,1,0.204639,0.361674,12377,237405
9,20360924,in_strength,1,0.591977,0.637237,12377,237405
9,20360924,betweenness,1,0.348616,0.498781,12377,237405
9,20360924,pagerank,1,0.58438,0.638145,12377,237405
9,20360924,sm_betweenness,1,0.3418,0.366544,12377,237405
10,20360925,random,30,0.575381,0.586336,12413,236076
10,20360925,out_strength,1,0.202841,0.358221,12413,236076
10,20360925,in_strength,1,0.559074,0.607947,12413,236076
10,20360925,betweenness,1,0.348999,0.506761,12413,236076
10,20360925,pagerank,1,0.583076,0.638077,12413,236076
10,20360925,sm_betweenness,1,0.348689,0.365743,12413,236076
11,20360926,random,30,0.57403,0.586232,12385,237405
11,20360926,out_strength,1,0.201328,0.352595,12385,237405
11,20360926,in_strength,1,0.587141,0.63372,12385,237405
11,20360926,betweenness,1,0.342984,0.498136,12385,237405
11,20360926,pagerank,1,0.58945,0.63707,12385,237405
11,20360926,sm_betweenness,1,0.361357,0.380907,12385,237405
12,20360927,random,30,0.575231,0.586197,12355,237405
12,20360927,out_strength,1,0.201549,0.356364,12355,237405
12,20360927,in_strength,1,0.597811,0.649745,12355,237405
12,20360927,betweenness,1,0.346431,0.501869,12355,237405
12,20360927,pagerank,1,0.596273,0.645765,12355,237405
12,20360927,sm_betweenness,1,0.370112,0.390227,12355,237405
13,20360928,random,30,0.57591,0.585684,12337,237405
13,20360928,out_strength,1,0.203066,0.35751,12337,237405
13,20360928,in_strength,1,0.582453,0.619792,12337,237405
13,20360928,betweenness,1,0.345814,0.504348,12337,237405
13,20360928,pagerank,1,0.598129,0.648077,12337,237405
13,20360928,sm_betweenness,1,0.349026,0.368136,12337,237405
14,20360929,random,30,0.575461,0.586154,12325,237405
14,20360929,out_strength,1,0.204967,0.361041,12325,237405
14,20360929,in_strength,1,0.585917,0.621843,12325,237405
14,20360929,betweenness,1,0.347985,0.494891,12325,237405
14,20360929,pagerank,1,0.582527,0.607783,12325,237405
14,20360929,sm_betweenness,1,0.339128,0.362772,12325,237405
15,20360930,random,30,0.57473,0.585528,12344,237405
15,20360930,out_strength,1,0.202405,0.355587,12344,237405
15,20360930,in_strength,1,0.601726,0.654495,12344,237405
15,20360930,betweenness,1,0.346194,0.503286,12344,237405
15,20360930,pagerank,1,0.584914,0.634781,12344,237405
15,20360930,sm_betweenness,1,0.361971,0.37606,12344,237405
16,20360931,random,30,0.575461,0.585785,12364,237405
16,20360931,out_strength,1,0.205598,0.360487,12364,237405
16,20360931,in_strength,1,0.596837,0.6365,12364,237405
16,20360931,betweenness,1,0.3448,0.492669,12364,237405
16,20360931,pagerank,1,0.57468,0.619401,12364,237405
16,20360931,sm_betweenness,1,0.362491,0.368858,12364,237405
17,20360932,random,30,0.575439,0.585818,12367,237405
17,20360932,out_strength,1,0.20364,0.359704,12367,237405
17,20360932,in_strength,1,0.604365,0.648808,12367,237405
17,20360932,betweenness,1,0.344946,0.502878,12367,237405
17,20360932,pagerank,1,0.589237,0.646982,12367,237405
17,20360932,sm_betweenness,1,0.347734,0.36309,12367,237405
18,20360933,random,30,0.575735,0.585598,12389,237405
18,20360933,out_strength,1,0.199942,0.358112,12389,237405
18,20360933,in_strength,1,0.590465,0.631625,12389,237405
18,20360933,betweenness,1,0.343427,0.488571,12389,237405
18,20360933,pagerank,1,0.596237,0.650164,12389,237405
18,20360933,sm_betweenness,1,0.361382,0.374223,12389,237405
19,20360934,random,30,0.575086,0.586323,12431,237405
19,20360934,out_strength,1,0.203544,0.364444,12431,237405
19,20360934,in_strength,1,0.585797,0.63397,12431,237405
19,20360934,betweenness,1,0.343843,0.508892,12431,237405
19,20360934,pagerank,1,0.585659,0.638478,12431,237405
19,20360934,sm_betweenness,1,0.32195,0.351329,12431,237405
20,20360935,random,30,0.575662,0.585861,12359,237405
20,20360935,out_strength,1,0.202295,0.355614,12359,237405
20,20360935,in_strength,1,0.581951,0.618302,12359,237405
20,20360935,betweenness,1,0.346253,0.501711,12359,237405
20,20360935,pagerank,1,0.58699,0.630142,12359,237405
20,20360935,sm_betweenness,1,0.366327,0.371141,12359,237405
21,20360936,random,30,0.575508,0.585561,12425,237405
21,20360936,out_strength,1,0.202167,0.351658,12425,237405
21,20360936,in_strength,1,0.591383,0.646448,12425,237405
21,20360936,betweenness,1,0.342534,0.491983,12425,237405
21,20360936,pagerank,1,0.585291,0.635673,12425,237405
21,20360936,sm_betweenness,1,0.363921,0.377494,12425,237405
22,20360937,random,30,0.575702,0.586013,12369,237405
22,20360937,out_strength,1,0.201944,0.350505,12369,237405
22,20360937,in_strength,1,0.603664,0.645347,12369,237405
22,20360937,betweenness,1,0.345525,0.509102,12369,237405
22,20360937,pagerank,1,0.579257,0.629134,12369,237405
22,20360937,sm_betweenness,1,0.3654,0.386874,12369,237405
23,20360938,random,30,0.574962,0.586109,12302,237405
23,20360938,out_strength,1,0.203459,0.359109,12302,237405
23,20360938,in_strength,1,0.60028,0.642813,12302,237405
23,20360938,betweenness,1,0.345607,0.497287,12302,237405
23,20360938,pagerank,1,0.589614,0.651459,12302,237405
23,20360938,sm_betweenness,1,0.356357,0.363809,12302,237405
24,20360939,random,30,0.575473,0.585774,12400,237405
24,20360939,out_strength,1,0.203855,0.361386,12400,237405
24,20360939,in_strength,1,0.594376,0.637927,12400,237405
24,20360939,betweenness,1,0.344049,0.498837,12400,237405
24,20360939,pagerank,1,0.587098,0.646851,12400,237405
24,20360939,sm_betweenness,1,0.35879,0.374261,12400,237405
25,20360940,random,30,0.575113,0.585819,12347,237405
25,20360940,out_strength,1,0.201963,0.35523,12347,237405
25,20360940,in_strength,1,0.591451,0.633834,12347,237405
25,20360940,betweenness,1,0.341299,0.48873,12347,237405
25,20360940,pagerank,1,0.577591,0.624947,12347,237405
25,20360940,sm_betweenness,1,0.33975,0.361027,12347,237405
26,20360941,random,30,0.575125,0.585848,12371,237405
26,20360941,out_strength,1,0.201901,0.36091,12371,237405
26,20360941,in_strength,1,0.594351,0.645523,12371,237405
26,20360941,betweenness,1,0.344867,0.501636,12371,237405
26,20360941,pagerank,1,0.577729,0.62973,12371,237405
26,20360941,sm_betweenness,1,0.339108,0.365985,12371,237405
27,20360942,random,30,0.574889,0.586526,12344,236740
27,20360942,out_strength,1,0.207044,0.362719,12344,236740
27,20360942,in_strength,1,0.593318,0.627321,12344,236740
27,20360942,betweenness,1,0.346464,0.500381,12344,236740
27,20360942,pagerank,1,0.585573,0.625812,12344,236740
27,20360942,sm_betweenness,1,0.346674,0.35954,12344,236740
28,20360943,random,30,0.575656,0.586217,12361,236741
28,20360943,out_strength,1,0.201227,0.354322,12361,236741
28,20360943,in_strength,1,0.583513,0.619687,12361,236741
28,20360943,betweenness,1,0.345296,0.504903,12361,236741
28,20360943,pagerank,1,0.57655,0.63944,12361,236741
28,20360943,sm_betweenness,1,0.345165,0.366706,12361,236741
29,20360944,random,30,0.575518,0.585744,12386,237405
29,20360944,out_strength,1,0.199866,0.358665,12386,237405
29,20360944,in_strength,1,0.604957,0.645664,12386,237405
29,20360944,betweenness,1,0.342303,0.484459,12386,237405
29,20360944,pagerank,1,0.588204,0.639389,12386,237405
29,20360944,sm_betweenness,1,0.344461,0.371462,12386,237405
30,20360945,random,30,0.574941,0.586276,12314,237405
30,20360945,out_strength,1,0.202649,0.358886,12314,237405
30,20360945,in_strength,1,0.594204,0.645484,12314,237405
30,20360945,betweenness,1,0.348812,0.503349,12314,237405
30,20360945,pagerank,1,0.589525,0.64737,12314,237405
30,20360945,sm_betweenness,1,0.358926,0.379665,12314,237405
31,20360946,random,30,0.575344,0.586172,12358,237405
31,20360946,out_strength,1,0.200749,0.351621,12358,237405
31,20360946,in_strength,1,0.580202,0.626105,12358,237405
31,20360946,betweenness,1,0.34812,0.499103,12358,237405
31,20360946,pagerank,1,0.593959,0.644688,12358,237405
31,20360946,sm_betweenness,1,0.365313,0.379791,12358,237405
32,20360947,random,30,0.574478,0.585781,12362,237405
32,20360947,out_strength,1,0.203719,0.359484,12362,237405
32,20360947,in_strength,1,0.608518,0.662823,12362,237405
32,20360947,betweenness,1,0.348379,0.514107,12362,237405
32,20360947,pagerank,1,0.603812,0.664665,12362,237405
32,20360947,sm_betweenness,1,0.343751,0.364102,12362,237405
33,20360948,random,30,0.574668,0.586152,12377,237405
33,20360948,out_strength,1,0.203612,0.358358,12377,237405
33,20360948,in_strength,1,0.580977,0.620428,12377,237405
33,20360948,betweenness,1,0.345408,0.498587,12377,237405
33,20360948,pagerank,1,0.587523,0.626943,12377,237405
33,20360948,sm_betweenness,1,0.359277,0.365901,12377,237405
34,20360949,random,30,0.574924,0.585702,12315,237405
34,20360949,out_strength,1,0.202086,0.358358,12315,237405
34,20360949,in_strength,1,0.596321,0.636141,12315,237405
34,20360949,betweenness,1,0.341213,0.497159,12315,237405
34,20360949,pagerank,1,0.578804,0.632702,12315,237405
34,20360949,sm_betweenness,1,0.349002,0.363113,12315,237405
35,20360950,random,30,0.575485,0.585689,12452,237405
35,20360950,out_strength,1,0.200343,0.358953,12452,237405
35,20360950,in_strength,1,0.583132,0.634299,12452,237405
35,20360950,betweenness,1,0.345787,0.505363,12452,237405
35,20360950,pagerank,1,0.586526,0.644001,12452,237405
35,20360950,sm_betweenness,1,0.355842,0.374299,12452,237405
36,20360951,random,30,0.5753,0.586125,12336,237405
36,20360951,out_strength,1,0.201772,0.357253,12336,237405
36,20360951,in_strength,1,0.582045,0.610667,12336,237405
36,20360951,betweenness,1,0.349025,0.497214,12336,237405
36,20360951,pagerank,1,0.583403,0.63141,12336,237405
36,20360951,sm_betweenness,1,0.357197,0.358854,12336,237405
37,20360952,random,30,0.574332,0.585683,12417,237405
37,20360952,out_strength,1,0.203493,0.359772,12417,237405
37,20360952,in_strength,1,0.591825,0.632598,12417,237405
37,20360952,betweenness,1,0.340846,0.492651,12417,237405
37,20360952,pagerank,1,0.588785,0.634174,12417,237405
37,20360952,sm_betweenness,1,0.355494,0.386566,12417,237405
38,20360953,random,30,0.575834,0.586142,12334,236740
38,20360953,out_strength,1,0.200875,0.354298,12334,236740
38,20360953,in_strength,1,0.598125,0.642806,12334,236740
38,20360953,betweenness,1,0.344973,0.501616,12334,236740
38,20360953,pagerank,1,0.590779,0.633103,12334,236740
38,20360953,sm_betweenness,1,0.353864,0.367649,12334,236740
39,20360954,random,30,0.575151,0.585871,12437,237405
39,20360954,out_strength,1,0.202896,0.361054,12437,237405
39,20360954,in_strength,1,0.597692,0.635663,12437,237405
39,20360954,betweenness,1,0.345928,0.499641,12437,237405
39,20360954,pagerank,1,0.589765,0.638844,12437,237405
39,20360954,sm_betweenness,1,0.344938,0.375907,12437,237405
40,20360955,random,30,0.575326,0.586083,12357,237405
40,20360955,out_strength,1,0.201112,0.357752,12357,237405
40,20360955,in_strength,1,0.580251,0.619919,12357,237405
40,20360955,betweenness,1,0.3449,0.493612,12357,237405
40,20360955,pagerank,1,0.577244,0.623921,12357,237405
40,20360955,sm_betweenness,1,0.349544,0.363405,12357,237405
41,20360956,random,30,0.575353,0.586034,12313,236740
41,20360956,out_strength,1,0.203551,0.365357,12313,236740
41,20360956,in_strength,1,0.597882,0.634592,12313,236740
41,20360956,betweenness,1,0.343733,0.497069,12313,236740
41,20360956,pagerank,1,0.589299,0.645095,12313,236740
41,20360956,sm_betweenness,1,0.356002,0.368332,12313,236740
42,20360957,random,30,0.574473,0.585849,12387,237405
42,20360957,out_strength,1,0.203474,0.359323,12387,237405
42,20360957,in_strength,1,0.575059,0.62255,12387,237405
42,20360957,betweenness,1,0.339712,0.506,12387,237405
42,20360957,pagerank,1,0.588557,0.625519,12387,237405
42,20360957,sm_betweenness,1,0.331125,0.353768,12387,237405
43,20360958,random,30,0.57475,0.586227,12412,237405
43,20360958,out_strength,1,0.200156,0.353505,12412,237405
43,20360958,in_strength,1,0.604991,0.646628,12412,237405
43,20360958,betweenness,1,0.34202,0.496013,12412,237405
43,20360958,pagerank,1,0.591174,0.633506,12412,237405
43,20360958,sm_betweenness,1,0.359504,0.377027,12412,237405
44,20360959,random,30,0.57464,0.585489,12439,236741
44,20360959,out_strength,1,0.203974,0.355952,12439,236741
44,20360959,in_strength,1,0.595417,0.660858,12439,236741
44,20360959,betweenness,1,0.346202,0.502195,12439,236741
44,20360959,pagerank,1,0.602455,0.659016,12439,236741
44,20360959,sm_betweenness,1,0.352075,0.37391,12439,236741
45,20360960,random,30,0.574331,0.586277,12363,236740
45,20360960,out_strength,1,0.203063,0.354738,12363,236740
45,20360960,in_strength,1,0.596544,0.643998,12363,236740
45,20360960,betweenness,1,0.345975,0.512291,12363,236740
45,20360960,pagerank,1,0.596873,0.660239,12363,236740
45,20360960,sm_betweenness,1,0.360412,0.387204,12363,236740
46,20360961,random,30,0.575402,0.586251,12381,236740
46,20360961,out_strength,1,0.203376,0.352954,12381,236740
46,20360961,in_strength,1,0.601911,0.65198,12381,236740
46,20360961,betweenness,1,0.342395,0.494952,12381,236740
46,20360961,pagerank,1,0.589884,0.658202,12381,236740
46,20360961,sm_betweenness,1,0.360064,0.380756,12381,236740
47,20360962,random,30,0.574426,0.586007,12358,237405
47,20360962,out_strength,1,0.204658,0.361011,12358,237405
47,20360962,in_strength,1,0.600115,0.63442,12358,237405
47,20360962,betweenness,1,0.341618,0.497746,12358,237405
47,20360962,pagerank,1,0.593827,0.640979,12358,237405
47,20360962,sm_betweenness,1,0.337999,0.362497,12358,237405
48,20360963,random,30,0.575347,0.586022,12327,237405
48,20360963,out_strength,1,0.202026,0.357958,12327,237405
48,20360963,in_strength,1,0.599379,0.651577,12327,237405
48,20360963,betweenness,1,0.342006,0.491401,12327,237405
48,20360963,pagerank,1,0.582592,0.643311,12327,237405
48,20360963,sm_betweenness,1,0.354501,0.372963,12327,237405
49,20360964,random,30,0.574949,0.585334,12395,237405
49,20360964,out_strength,1,0.201162,0.354191,12395,237405
49,20360964,in_strength,1,0.581889,0.624514,12395,237405
49,20360964,betweenness,1,0.343228,0.499418,12395,237405
49,20360964,pagerank,1,0.588451,0.642058,12395,237405
49,20360964,sm_betweenness,1,0.344813,0.380794,12395,237405
50,20360965,random,30,0.575673,0.586182,12409,236741
50,20360965,out_strength,1,0.201286,0.35905,12409,236741
50,20360965,in_strength,1,0.589517,0.64844,12409,236741
50,20360965,betweenness,1,0.351908,0.503594,12409,236741
50,20360965,pagerank,1,0.594022,0.64333,12409,236741
50,20360965,sm_betweenness,1,0.344712,0.359643,12409,236741
51,20360966,random,30,0.575468,0.586003,12331,236740
51,20360966,out_strength,1,0.204191,0.358539,12331,236740
51,20360966,in_strength,1,0.598968,0.646731,12331,236740
51,20360966,betweenness,1,0.350946,0.508541,12331,236740
51,20360966,pagerank,1,0.584355,0.635982,12331,236740
51,20360966,sm_betweenness,1,0.356058,0.363204,12331,236740
52,20360967,random,30,0.575038,0.58647,12356,236740
52,20360967,out_strength,1,0.201349,0.355863,12356,236740
52,20360967,in_strength,1,0.595531,0.645633,12356,236740
52,20360967,betweenness,1,0.349658,0.51043,12356,236740
52,20360967,pagerank,1,0.59148,0.63799,12356,236740
52,20360967,sm_betweenness,1,0.363187,0.38089,12356,236740
53,20360968,random,30,0.575799,0.586088,12358,236740
53,20360968,out_strength,1,0.201058,0.359014,12358,236740
53,20360968,in_strength,1,0.608385,0.663598,12358,236740
53,20360968,betweenness,1,0.343083,0.50615,12358,236740
53,20360968,pagerank,1,0.588198,0.636518,12358,236740
53,20360968,sm_betweenness,1,0.35849,0.377177,12358,236740
54,20360969,random,30,0.575086,0.585613,12347,237405
54,20360969,out_strength,1,0.20166,0.356133,12347,237405
54,20360969,in_strength,1,0.587482,0.63743,12347,237405
54,20360969,betweenness,1,0.344964,0.498857,12347,237405
54,20360969,pagerank,1,0.602608,0.65586,12347,237405
54,20360969,sm_betweenness,1,0.334554,0.35244,12347,237405
55,20360970,random,30,0.575296,0.585903,12386,237405
55,20360970,out_strength,1,0.201666,0.360989,12386,237405
55,20360970,in_strength,1,0.566983,0.599093,12386,237405
55,20360970,betweenness,1,0.344691,0.502808,12386,237405
55,20360970,pagerank,1,0.591808,0.650672,12386,237405
55,20360970,sm_betweenness,1,0.365144,0.376217,12386,237405
56,20360971,random,30,0.575225,0.585936,12356,237405
56,20360971,out_strength,1,0.201875,0.359938,12356,237405
56,20360971,in_strength,1,0.583379,0.625448,12356,237405
56,20360971,betweenness,1,0.344104,0.501067,12356,237405
56,20360971,pagerank,1,0.580459,0.625493,12356,237405
56,20360971,sm_betweenness,1,0.344844,0.363224,12356,237405
57,20360972,random,30,0.575203,0.585394,12352,237405
57,20360972,out_strength,1,0.202872,0.359889,12352,237405
57,20360972,in_strength,1,0.578948,0.620551,12352,237405
57,20360972,betweenness,1,0.350055,0.497985,12352,237405
57,20360972,pagerank,1,0.603476,0.648673,12352,237405
57,20360972,sm_betweenness,1,0.326004,0.350828,12352,237405
58,20360973,random,30,0.575123,0.586034,12410,237405
58,20360973,out_strength,1,0.201315,0.359219,12410,237405
58,20360973,in_strength,1,0.594758,0.629455,12410,237405
58,20360973,betweenness,1,0.34148,0.502217,12410,237405
58,20360973,pagerank,1,0.599918,0.658312,12410,237405
58,20360973,sm_betweenness,1,0.343978,0.358905,12410,237405
59,20360974,random,30,0.5751,0.586576,12410,236741
59,20360974,out_strength,1,0.20117,0.353892,12410,236741
59,20360974,in_strength,1,0.599878,0.630808,12410,236741
59,20360974,betweenness,1,0.341257,0.4888,12410,236741
59,20360974,pagerank,1,0.581985,0.622342,12410,236741
59,20360974,sm_betweenness,1,0.346385,0.361022,12410,236741
60,20360975,random,30,0.575132,0.586101,12332,237405
60,20360975,out_strength,1,0.204232,0.356452,12332,237405
60,20360975,in_strength,1,0.60863,0.650966,12332,237405
60,20360975,betweenness,1,0.342647,0.496713,12332,237405
60,20360975,pagerank,1,0.589258,0.637264,12332,237405
60,20360975,sm_betweenness,1,0.337252,0.350516,12332,237405
61,20360976,random,30,0.574864,0.585291,12404,237405
61,20360976,out_strength,1,0.201689,0.35512,12404,237405
61,20360976,in_strength,1,0.583124,0.648808,12404,237405
61,20360976,betweenness,1,0.344292,0.492636,12404,237405
61,20360976,pagerank,1,0.597391,0.634518,12404,237405
61,20360976,sm_betweenness,1,0.365938,0.377451,12404,237405
62,20360977,random,30,0.574733,0.585273,12349,237405
62,20360977,out_strength,1,0.20028,0.350824,12349,237405
62,20360977,in_strength,1,0.583888,0.612458,12349,237405
62,20360977,betweenness,1,0.350256,0.506774,12349,237405
62,20360977,pagerank,1,0.60095,0.643348,12349,237405
62,20360977,sm_betweenness,1,0.366123,0.378713,12349,237405
63,20360978,random,30,0.575157,0.58618,12438,236741
63,20360978,out_strength,1,0.202664,0.353976,12438,236741
63,20360978,in_strength,1,0.59952,0.64066,12438,236741
63,20360978,betweenness,1,0.340268,0.496486,12438,236741
63,20360978,pagerank,1,0.589691,0.632871,12438,236741
63,20360978,sm_betweenness,1,0.347424,0.370409,12438,236741
64,20360979,random,30,0.574911,0.58612,12352,237405
64,20360979,out_strength,1,0.202327,0.359905,12352,237405
64,20360979,in_strength,1,0.603506,0.651458,12352,237405
64,20360979,betweenness,1,0.350342,0.504554,12352,237405
64,20360979,pagerank,1,0.595239,0.644749,12352,237405
64,20360979,sm_betweenness,1,0.368958,0.378857,12352,237405
65,20360980,random,30,0.575114,0.586041,12414,237405
65,20360980,out_strength,1,0.205548,0.357493,12414,237405
65,20360980,in_strength,1,0.597124,0.640475,12414,237405
65,20360980,betweenness,1,0.335279,0.488327,12414,237405
65,20360980,pagerank,1,0.606437,0.660031,12414,237405
65,20360980,sm_betweenness,1,0.355052,0.367498,12414,237405
66,20360981,random,30,0.574794,0.585844,12355,237405
66,20360981,out_strength,1,0.202697,0.359028,12355,237405
66,20360981,in_strength,1,0.584995,0.620162,12355,237405
66,20360981,betweenness,1,0.344565,0.501624,12355,237405
66,20360981,pagerank,1,0.592923,0.637532,12355,237405
66,20360981,sm_betweenness,1,0.366126,0.3825,12355,237405
67,20360982,random,30,0.57526,0.58572,12385,237405
67,20360982,out_strength,1,0.203896,0.360728,12385,237405
67,20360982,in_strength,1,0.572434,0.610812,12385,237405
67,20360982,betweenness,1,0.349655,0.499942,12385,237405
67,20360982,pagerank,1,0.60036,0.654998,12385,237405
67,20360982,sm_betweenness,1,0.346491,0.37508,12385,237405
68,20360983,random,30,0.575184,0.585911,12331,237405
68,20360983,out_strength,1,0.202799,0.35445,12331,237405
68,20360983,in_strength,1,0.594483,0.639227,12331,237405
68,20360983,betweenness,1,0.340458,0.498525,12331,237405
68,20360983,pagerank,1,0.586128,0.638341,12331,237405
68,20360983,sm_betweenness,1,0.370859,0.389447,12331,237405
69,20360984,random,30,0.575679,0.585879,12365,237405
69,20360984,out_strength,1,0.203377,0.358489,12365,237405
69,20360984,in_strength,1,0.593311,0.61809,12365,237405
69,20360984,betweenness,1,0.348889,0.498729,12365,237405
69,20360984,pagerank,1,0.585799,0.635251,12365,237405
69,20360984,sm_betweenness,1,0.359258,0.370901,12365,237405
70,20360985,random,30,0.575328,0.58565,12440,237405
70,20360985,out_strength,1,0.201531,0.354219,12440,237405
70,20360985,in_strength,1,0.605817,0.657624,12440,237405
70,20360985,betweenness,1,0.341384,0.492122,12440,237405
70,20360985,pagerank,1,0.595702,0.64047,12440,237405
70,20360985,sm_betweenness,1,0.352861,0.372615,12440,237405
71,20360986,random,30,0.575698,0.585299,12291,237405
71,20360986,out_strength,1,0.203673,0.355649,12291,237405
71,20360986,in_strength,1,0.601182,0.633293,12291,237405
71,20360986,betweenness,1,0.340209,0.494356,12291,237405
71,20360986,pagerank,1,0.59655,0.656712,12291,237405
71,20360986,sm_betweenness,1,0.348308,0.365251,12291,237405
72,20360987,random,30,0.575189,0.585634,12375,237405
72,20360987,out_strength,1,0.201413,0.358697,12375,237405
72,20360987,in_strength,1,0.601871,0.657024,12375,237405
72,20360987,betweenness,1,0.344476,0.482054,12375,237405
72,20360987,pagerank,1,0.582988,0.624177,12375,237405
72,20360987,sm_betweenness,1,0.337923,0.357571,12375,237405
73,20360988,random,30,0.575639,0.58511,12379,237405
73,20360988,out_strength,1,0.203003,0.35682,12379,237405
73,20360988,in_strength,1,0.576837,0.624833,12379,237405
73,20360988,betweenness,1,0.34394,0.494037,12379,237405
73,20360988,pagerank,1,0.59005,0.635851,12379,237405
73,20360988,sm_betweenness,1,0.343209,0.35446,12379,237405
74,20360989,random,30,0.575127,0.585737,12371,237405
74,20360989,out_strength,1,0.200989,0.353686,12371,237405
74,20360989,in_strength,1,0.572208,0.627219,12371,237405
74,20360989,betweenness,1,0.34918,0.504393,12371,237405
74,20360989,pagerank,1,0.604455,0.643108,12371,237405
74,20360989,sm_betweenness,1,0.354571,0.360205,12371,237405
75,20360990,random,30,0.575103,0.586189,12383,237405
75,20360990,out_strength,1,0.204501,0.357082,12383,237405
75,20360990,in_strength,1,0.604306,0.63821,12383,237405
75,20360990,betweenness,1,0.342557,0.503501,12383,237405
75,20360990,pagerank,1,0.605668,0.672288,12383,237405
75,20360990,sm_betweenness,1,0.371016,0.371599,12383,237405
76,20360991,random,30,0.576162,0.586041,12370,237405
76,20360991,out_strength,1,0.204067,0.359764,12370,237405
76,20360991,in_strength,1,0.588974,0.645666,12370,237405
76,20360991,betweenness,1,0.344686,0.494605,12370,237405
76,20360991,pagerank,1,0.606883,0.652964,12370,237405
76,20360991,sm_betweenness,1,0.359078,0.373261,12370,237405
77,20360992,random,30,0.575125,0.585756,12301,237405
77,20360992,out_strength,1,0.202438,0.356789,12301,237405
77,20360992,in_strength,1,0.597699,0.652747,12301,237405
77,20360992,betweenness,1,0.344503,0.496787,12301,237405
77,20360992,pagerank,1,0.590146,0.634763,12301,237405
77,20360992,sm_betweenness,1,0.359774,0.363772,12301,237405
78,20360993,random,30,0.575015,0.585792,12445,237405
78,20360993,out_strength,1,0.202679,0.35675,12445,237405
78,20360993,in_strength,1,0.58436,0.63418,12445,237405
78,20360993,betweenness,1,0.342091,0.500479,12445,237405
78,20360993,pagerank,1,0.5839,0.627549,12445,237405
78,20360993,sm_betweenness,1,0.349307,0.373127,12445,237405
79,20360994,random,30,0.576157,0.586029,12345,237405
79,20360994,out_strength,1,0.202135,0.353785,12345,237405
79,20360994,in_strength,1,0.601314,0.646117,12345,237405
79,20360994,betweenness,1,0.342335,0.489967,12345,237405
79,20360994,pagerank,1,0.599805,0.656236,12345,237405
79,20360994,sm_betweenness,1,0.352633,0.380958,12345,237405
80,20360995,random,30,0.574337,0.586359,12332,236740
80,20360995,out_strength,1,0.202318,0.355122,12332,236740
80,20360995,in_strength,1,0.586941,0.627237,12332,236740
80,20360995,betweenness,1,0.346463,0.498874,12332,236740
80,20360995,pagerank,1,0.583273,0.635502,12332,236740
80,20360995,sm_betweenness,1,0.322069,0.356124,12332,236740
81,20360996,random,30,0.575179,0.586229,12358,236740
81,20360996,out_strength,1,0.203839,0.358216,12358,236740
81,20360996,in_strength,1,0.591317,0.642832,12358,236740
81,20360996,betweenness,1,0.347341,0.506126,12358,236740
81,20360996,pagerank,1,0.578767,0.642705,12358,236740
81,20360996,sm_betweenness,1,0.354363,0.374951,12358,236740
82,20360997,random,30,0.575121,0.585649,12370,237405
82,20360997,out_strength,1,0.203074,0.357617,12370,237405
82,20360997,in_strength,1,0.594439,0.622716,12370,237405
82,20360997,betweenness,1,0.35253,0.507026,12370,237405
82,20360997,pagerank,1,0.58137,0.622811,12370,237405
82,20360997,sm_betweenness,1,0.359039,0.378852,12370,237405
83,20360998,random,30,0.574892,0.586328,12433,236741
83,20360998,out_strength,1,0.202799,0.358168,12433,236741
83,20360998,in_strength,1,0.616209,0.667444,12433,236741
83,20360998,betweenness,1,0.339573,0.492226,12433,236741
83,20360998,pagerank,1,0.573608,0.619428,12433,236741
83,20360998,sm_betweenness,1,0.335996,0.369603,12433,236741
84,20360999,random,30,0.57481,0.586386,12398,236740
84,20360999,out_strength,1,0.202306,0.357259,12398,236740
84,20360999,in_strength,1,0.575951,0.645449,12398,236740
84,20360999,betweenness,1,0.343773,0.486983,12398,236740
84,20360999,pagerank,1,0.586805,0.639735,12398,236740
84,20360999,sm_betweenness,1,0.352745,0.376538,12398,236740
85,20361000,random,30,0.575311,0.585949,12451,237405
85,20361000,out_strength,1,0.202705,0.359304,12451,237405
85,20361000,in_strength,1,0.587059,0.631737,12451,237405
85,20361000,betweenness,1,0.342088,0.495338,12451,237405
85,20361000,pagerank,1,0.597226,0.66868,12451,237405
85,20361000,sm_betweenness,1,0.344928,0.368897,12451,237405
86,20361001,random,30,0.575985,0.586071,12369,236740
86,20361001,out_strength,1,0.20325,0.355742,12369,236740
86,20361001,in_strength,1,0.600795,0.65485,12369,236740
86,20361001,betweenness,1,0.349885,0.498529,12369,236740
86,20361001,pagerank,1,0.583573,0.644202,12369,236740
86,20361001,sm_betweenness,1,0.356448,0.37906,12369,236740
87,20361002,random,30,0.575344,0.58599,12372,237405
87,20361002,out_strength,1,0.201433,0.35674,12372,237405
87,20361002,in_strength,1,0.58033,0.640839,12372,237405
87,20361002,betweenness,1,0.345741,0.494124,12372,237405
87,20361002,pagerank,1,0.587363,0.630087,12372,237405
87,20361002,sm_betweenness,1,0.355295,0.36533,12372,237405
88,20361003,random,30,0.574581,0.585791,12375,237405
88,20361003,out_strength,1,0.201828,0.359653,12375,237405
88,20361003,in_strength,1,0.595898,0.651157,12375,237405
88,20361003,betweenness,1,0.348598,0.501951,12375,237405
88,20361003,pagerank,1,0.59453,0.645597,12375,237405
88,20361003,sm_betweenness,1,0.35453,0.37009,12375,237405
89,20361004,random,30,0.574922,0.585665,12412,237405
89,20361004,out_strength,1,0.198424,0.353093,12412,237405
89,20361004,in_strength,1,0.595193,0.649362,12412,237405
89,20361004,betweenness,1,0.345579,0.505174,12412,237405
89,20361004,pagerank,1,0.587346,0.641553,12412,237405
89,20361004,sm_betweenness,1,0.385255,0.388458,12412,237405
90,20361005,random,30,0.575105,0.585845,12392,237405
90,20361005,out_strength,1,0.204596,0.355812,12392,237405
90,20361005,in_strength,1,0.584405,0.625381,12392,237405
90,20361005,betweenness,1,0.34862,0.509667,12392,237405
90,20361005,pagerank,1,0.589488,0.636987,12392,237405
90,20361005,sm_betweenness,1,0.347373,0.369801,12392,237405
91,20361006,random,30,0.574632,0.585867,12354,237405
91,20361006,out_strength,1,0.202379,0.362353,12354,237405
91,20361006,in_strength,1,0.597895,0.644998,12354,237405
91,20361006,betweenness,1,0.346734,0.501402,12354,237405
91,20361006,pagerank,1,0.591785,0.640242,12354,237405
91,20361006,sm_betweenness,1,0.358908,0.382326,12354,237405
92,20361007,random,30,0.575211,0.58596,12425,237405
92,20361007,out_strength,1,0.200736,0.348567,12425,237405
92,20361007,in_strength,1,0.58795,0.642597,12425,237405
92,20361007,betweenness,1,0.346218,0.487894,12425,237405
92,20361007,pagerank,1,0.596145,0.635943,12425,237405
92,20361007,sm_betweenness,1,0.373911,0.38132,12425,237405
93,20361008,random,30,0.574782,0.585517,12313,237405
93,20361008,out_strength,1,0.202172,0.357484,12313,237405
93,20361008,in_strength,1,0.592347,0.630369,12313,237405
93,20361008,betweenness,1,0.350182,0.508931,12313,237405
93,20361008,pagerank,1,0.586962,0.656493,12313,237405
93,20361008,sm_betweenness,1,0.359798,0.377335,12313,237405
94,20361009,random,30,0.575483,0.58595,12343,237405
94,20361009,out_strength,1,0.200762,0.358555,12343,237405
94,20361009,in_strength,1,0.597743,0.642411,12343,237405
94,20361009,betweenness,1,0.343752,0.49522,12343,237405
94,20361009,pagerank,1,0.588427,0.637487,12343,237405
94,20361009,sm_betweenness,1,0.341704,0.35719,12343,237405
95,20361010,random,30,0.575572,0.585944,12363,237405
95,20361010,out_strength,1,0.201398,0.357076,12363,237405
95,20361010,in_strength,1,0.603603,0.661136,12363,237405
95,20361010,betweenness,1,0.346158,0.496263,12363,237405
95,20361010,pagerank,1,0.596602,0.640243,12363,237405
95,20361010,sm_betweenness,1,0.370789,0.376769,12363,237405
96,20361011,random,30,0.575244,0.586277,12442,237405
96,20361011,out_strength,1,0.20363,0.358773,12442,237405
96,20361011,in_strength,1,0.587488,0.616936,12442,237405
96,20361011,betweenness,1,0.350082,0.499192,12442,237405
96,20361011,pagerank,1,0.589527,0.639079,12442,237405
96,20361011,sm_betweenness,1,0.334845,0.36348,12442,237405
97,20361012,random,30,0.575989,0.585611,12394,237405
97,20361012,out_strength,1,0.201637,0.35754,12394,237405
97,20361012,in_strength,1,0.590625,0.628745,12394,237405
97,20361012,betweenness,1,0.344579,0.504364,12394,237405
97,20361012,pagerank,1,0.585959,0.633132,12394,237405
97,20361012,sm_betweenness,1,0.368448,0.373155,12394,237405
98,20361013,random,30,0.575565,0.586132,12378,237405
98,20361013,out_strength,1,0.201123,0.359767,12378,237405
98,20361013,in_strength,1,0.593632,0.645612,12378,237405
98,20361013,betweenness,1,0.346768,0.505168,12378,237405
98,20361013,pagerank,1,0.5848,0.6461,12378,237405
98,20361013,sm_betweenness,1,0.345129,0.380746,12378,237405
99,20361014,random,30,0.574921,0.585898,12355,237405
99,20361014,out_strength,1,0.200257,0.358944,12355,237405
99,20361014,in_strength,1,0.599221,0.634234,12355,237405
99,20361014,betweenness,1,0.346408,0.502325,12355,237405
99,20361014,pagerank,1,0.599863,0.645662,12355,237405
99,20361014,sm_betweenness,1,0.3448,0.363918,12355,237405
100,20361015,random,30,0.575363,0.585078,12406,237405
100,20361015,out_strength,1,0.20051,0.354324,12406,237405
100,20361015,in_strength,1,0.594052,0.645328,12406,237405
100,20361015,betweenness,1,0.343197,0.495241,12406,237405
100,20361015,pagerank,1,0.57549,0.631018,12406,237405
100,20361015,sm_betweenness,1,0.345952,0.369536,12406,237405
101,20361016,random,30,0.57512,0.585807,12379,236740
101,20361016,out_strength,1,0.201483,0.358555,12379,236740
101,20361016,in_strength,1,0.594234,0.63053,12379,236740
101,20361016,betweenness,1,0.344407,0.498949,12379,236740
101,20361016,pagerank,1,0.574014,0.623955,12379,236740
101,20361016,sm_betweenness,1,0.341556,0.354731,12379,236740
102,20361017,random,30,0.575556,0.586087,12396,236741
102,20361017,out_strength,1,0.203938,0.357321,12396,236741
102,20361017,in_strength,1,0.587579,0.651681,12396,236741
102,20361017,betweenness,1,0.351417,0.501741,12396,236741
102,20361017,pagerank,1,0.586361,0.639656,12396,236741
102,20361017,sm_betweenness,1,0.39465,0.399359,12396,236741
103,20361018,random,30,0.574165,0.586518,12341,236740
103,20361018,out_strength,1,0.201471,0.357196,12341,236740
103,20361018,in_strength,1,0.579897,0.635271,12341,236740
103,20361018,betweenness,1,0.347068,0.502788,12341,236740
103,20361018,pagerank,1,0.578379,0.628349,12341,236740
103,20361018,sm_betweenness,1,0.351708,0.374616,12341,236740
104,20361019,random,30,0.575989,0.585528,12402,237405
104,20361019,out_strength,1,0.201213,0.354893,12402,237405
104,20361019,in_strength,1,0.596416,0.654068,12402,237405
104,20361019,betweenness,1,0.339344,0.504541,12402,237405
104,20361019,pagerank,1,0.599599,0.661981,12402,237405
104,20361019,sm_betweenness,1,0.348807,0.360385,12402,237405
105,20361020,random,30,0.575574,0.585429,12348,237405
105,20361020,out_strength,1,0.201837,0.358431,12348,237405
105,20361020,in_strength,1,0.612391,0.652595,12348,237405
105,20361020,betweenness,1,0.343714,0.502071,12348,237405
105,20361020,pagerank,1,0.607421,0.67699,12348,237405
105,20361020,sm_betweenness,1,0.345729,0.356942,12348,237405
106,20361021,random,30,0.575208,0.585678,12478,237405
106,20361021,out_strength,1,0.201497,0.356679,12478,237405
106,20361021,in_strength,1,0.589193,0.648557,12478,237405
106,20361021,betweenness,1,0.34279,0.505863,12478,237405
106,20361021,pagerank,1,0.576266,0.63028,12478,237405
106,20361021,sm_betweenness,1,0.351593,0.376884,12478,237405
107,20361022,random,30,0.575836,0.586007,12285,237405
107,20361022,out_strength,1,0.203031,0.361148,12285,237405
107,20361022,in_strength,1,0.605547,0.655606,12285,237405
107,20361022,betweenness,1,0.343115,0.496232,12285,237405
107,20361022,pagerank,1,0.589216,0.640577,12285,237405
107,20361022,sm_betweenness,1,0.339584,0.352815,12285,237405
108,20361023,random,30,0.576019,0.586193,12319,236741
108,20361023,out_strength,1,0.205595,0.359218,12319,236741
108,20361023,in_strength,1,0.599046,0.638293,12319,236741
108,20361023,betweenness,1,0.343775,0.503857,12319,236741
108,20361023,pagerank,1,0.590426,0.632869,12319,236741
108,20361023,sm_betweenness,1,0.355989,0.370701,12319,236741
109,20361024,random,30,0.575136,0.585595,12411,237405
109,20361024,out_strength,1,0.202247,0.357131,12411,237405
109,20361024,in_strength,1,0.584163,0.632677,12411,237405
109,20361024,betweenness,1,0.340049,0.489939,12411,237405
109,20361024,pagerank,1,0.593727,0.655635,12411,237405
109,20361024,sm_betweenness,1,0.341717,0.363759,12411,237405
110,20361025,random,30,0.575971,0.585538,12354,237405
110,20361025,out_strength,1,0.200953,0.358186,12354,237405
110,20361025,in_strength,1,0.578055,0.635518,12354,237405
110,20361025,betweenness,1,0.34451,0.494633,12354,237405
110,20361025,pagerank,1,0.592357,0.634895,12354,237405
110,20361025,sm_betweenness,1,0.369136,0.381066,12354,237405
111,20361026,random,30,0.574615,0.586335,12393,236740
111,20361026,out_strength,1,0.203012,0.359949,12393,236740
111,20361026,in_strength,1,0.575904,0.617533,12393,236740
111,20361026,betweenness,1,0.342593,0.504147,12393,236740
111,20361026,pagerank,1,0.585605,0.638743,12393,236740
111,20361026,sm_betweenness,1,0.356587,0.376089,12393,236740
112,20361027,random,30,0.574604,0.585792,12353,237405
112,20361027,out_strength,1,0.199618,0.35089,12353,237405
112,20361027,in_strength,1,0.584332,0.604538,12353,237405
112,20361027,betweenness,1,0.349459,0.501659,12353,237405
112,20361027,pagerank,1,0.589232,0.625872,12353,237405
112,20361027,sm_betweenness,1,0.354436,0.379065,12353,237405
113,20361028,random,30,0.575688,0.586094,12363,237405
113,20361028,out_strength,1,0.201227,0.355771,12363,237405
113,20361028,in_strength,1,0.586622,0.626055,12363,237405
113,20361028,betweenness,1,0.348622,0.504139,12363,237405
113,20361028,pagerank,1,0.592195,0.63579,12363,237405
113,20361028,sm_betweenness,1,0.338019,0.374533,12363,237405
114,20361029,random,30,0.574892,0.585998,12423,237405
114,20361029,out_strength,1,0.202358,0.355494,12423,237405
114,20361029,in_strength,1,0.591782,0.632382,12423,237405
114,20361029,betweenness,1,0.339867,0.492394,12423,237405
114,20361029,pagerank,1,0.582364,0.637656,12423,237405
114,20361029,sm_betweenness,1,0.364005,0.36937,12423,237405
115,20361030,random,30,0.574941,0.586109,12394,237405
115,20361030,out_strength,1,0.19926,0.354539,12394,237405
115,20361030,in_strength,1,0.598487,0.642951,12394,237405
115,20361030,betweenness,1,0.347381,0.506692,12394,237405
115,20361030,pagerank,1,0.583716,0.63167,12394,237405
115,20361030,sm_betweenness,1,0.347669,0.364843,12394,237405
116,20361031,random,30,0.574277,0.586065,12362,237405
116,20361031,out_strength,1,0.20098,0.359162,12362,237405
116,20361031,in_strength,1,0.594527,0.633885,12362,237405
116,20361031,betweenness,1,0.347615,0.50638,12362,237405
116,20361031,pagerank,1,0.59536,0.655038,12362,237405
116,20361031,sm_betweenness,1,0.347196,0.34939,12362,237405
117,20361032,random,30,0.574398,0.585936,12325,237405
117,20361032,out_strength,1,0.201374,0.357572,12325,237405
117,20361032,in_strength,1,0.592833,0.626468,12325,237405
117,20361032,betweenness,1,0.348612,0.500269,12325,237405
117,20361032,pagerank,1,0.587638,0.642976,12325,237405
117,20361032,sm_betweenness,1,0.364515,0.378861,12325,237405
118,20361033,random,30,0.574741,0.585028,12357,237405
118,20361033,out_strength,1,0.199981,0.358874,12357,237405
118,20361033,in_strength,1,0.62132,0.659069,12357,237405
118,20361033,betweenness,1,0.338725,0.489073,12357,237405
118,20361033,pagerank,1,0.584115,0.620083,12357,237405
118,20361033,sm_betweenness,1,0.346523,0.360348,12357,237405
119,20361034,random,30,0.575456,0.586098,12395,237405
119,20361034,out_strength,1,0.202234,0.354595,12395,237405
119,20361034,in_strength,1,0.573713,0.617431,12395,237405
119,20361034,betweenness,1,0.349058,0.503271,12395,237405
119,20361034,pagerank,1,0.580922,0.625101,12395,237405
119,20361034,sm_betweenness,1,0.363276,0.377783,12395,237405
120,20361035,random,30,0.575369,0.585648,12419,236740
120,20361035,out_strength,1,0.203834,0.361665,12419,236740
120,20361035,in_strength,1,0.602812,0.652725,12419,236740
120,20361035,betweenness,1,0.344148,0.488637,12419,236740
120,20361035,pagerank,1,0.577511,0.613897,12419,236740
120,20361035,sm_betweenness,1,0.344053,0.365528,12419,236740
121,20361036,random,30,0.575285,0.585918,12338,237405
121,20361036,out_strength,1,0.202922,0.361444,12338,237405
121,20361036,in_strength,1,0.606593,0.650108,12338,237405
121,20361036,betweenness,1,0.33868,0.499004,12338,237405
121,20361036,pagerank,1,0.59994,0.635446,12338,237405
121,20361036,sm_betweenness,1,0.356134,0.37965,12338,237405
122,20361037,random,30,0.57536,0.585814,12338,237405
122,20361037,out_strength,1,0.202872,0.356748,12338,237405
122,20361037,in_strength,1,0.595805,0.639481,12338,237405
122,20361037,betweenness,1,0.350711,0.506912,12338,237405
122,20361037,pagerank,1,0.57046,0.615996,12338,237405
122,20361037,sm_betweenness,1,0.346387,0.376098,12338,237405
123,20361038,random,30,0.575041,0.58564,12357,237405
123,20361038,out_strength,1,0.20036,0.354666,12357,237405
123,20361038,in_strength,1,0.584129,0.654274,12357,237405
123,20361038,betweenness,1,0.343515,0.497488,12357,237405
123,20361038,pagerank,1,0.589751,0.645084,12357,237405
123,20361038,sm_betweenness,1,0.368113,0.372301,12357,237405
124,20361039,random,30,0.575191,0.585387,12369,237405
124,20361039,out_strength,1,0.203358,0.359443,12369,237405
124,20361039,in_strength,1,0.587877,0.636415,12369,237405
124,20361039,betweenness,1,0.346977,0.507119,12369,237405
124,20361039,pagerank,1,0.581986,0.636189,12369,237405
124,20361039,sm_betweenness,1,0.363397,0.380428,12369,237405
125,20361040,random,30,0.575104,0.586168,12433,236741
125,20361040,out_strength,1,0.203203,0.354306,12433,236741
125,20361040,in_strength,1,0.581934,0.642468,12433,236741
125,20361040,betweenness,1,0.345433,0.505168,12433,236741
125,20361040,pagerank,1,0.581708,0.642102,12433,236741
125,20361040,sm_betweenness,1,0.373681,0.381815,12433,236741
126,20361041,random,30,0.575031,0.585795,12365,237405
126,20361041,out_strength,1,0.2017,0.350762,12365,237405
126,20361041,in_strength,1,0.597536,0.645276,12365,237405
126,20361041,betweenness,1,0.344389,0.492864,12365,237405
126,20361041,pagerank,1,0.599735,0.651648,12365,237405
126,20361041,sm_betweenness,1,0.361091,0.36467,12365,237405
127,20361042,random,30,0.574603,0.586083,12328,237405
127,20361042,out_strength,1,0.204484,0.357309,12328,237405
127,20361042,in_strength,1,0.599399,0.647012,12328,237405
127,20361042,betweenness,1,0.345219,0.496367,12328,237405
127,20361042,pagerank,1,0.5845,0.638057,12328,237405
127,20361042,sm_betweenness,1,0.342084,0.373988,12328,237405
128,20361043,random,30,0.575723,0.585258,12304,237405
128,20361043,out_strength,1,0.202992,0.357604,12304,237405
128,20361043,in_strength,1,0.59254,0.642127,12304,237405
128,20361043,betweenness,1,0.34969,0.504102,12304,237405
128,20361043,pagerank,1,0.590175,0.641384,12304,237405
128,20361043,sm_betweenness,1,0.346124,0.369038,12304,237405
129,20361044,random,30,0.57542,0.586325,12393,236740
129,20361044,out_strength,1,0.202104,0.35394,12393,236740
129,20361044,in_strength,1,0.592883,0.620988,12393,236740
129,20361044,betweenness,1,0.337556,0.491256,12393,236740
129,20361044,pagerank,1,0.599138,0.652353,12393,236740
129,20361044,sm_betweenness,1,0.349017,0.367092,12393,236740
130,20361045,random,30,0.574306,0.58609,12332,237405
130,20361045,out_strength,1,0.20293,0.356868,12332,237405
130,20361045,in_strength,1,0.605891,0.65137,12332,237405
130,20361045,betweenness,1,0.343426,0.503094,12332,237405
130,20361045,pagerank,1,0.589778,0.640955,12332,237405
130,20361045,sm_betweenness,1,0.329229,0.345507,12332,237405
131,20361046,random,30,0.575324,0.585938,12324,237405
131,20361046,out_strength,1,0.20211,0.357374,12324,237405
131,20361046,in_strength,1,0.591147,0.653646,12324,237405
131,20361046,betweenness,1,0.350348,0.497246,12324,237405
131,20361046,pagerank,1,0.606343,0.673104,12324,237405
131,20361046,sm_betweenness,1,0.353308,0.369069,12324,237405
132,20361047,random,30,0.574734,0.585298,12325,237405
132,20361047,out_strength,1,0.202214,0.358542,12325,237405
132,20361047,in_strength,1,0.594142,0.634278,12325,237405
132,20361047,betweenness,1,0.341685,0.497756,12325,237405
132,20361047,pagerank,1,0.585949,0.640939,12325,237405
132,20361047,sm_betweenness,1,0.359741,0.378614,12325,237405
133,20361048,random,30,0.574105,0.585922,12429,237405
133,20361048,out_strength,1,0.201641,0.352444,12429,237405
133,20361048,in_strength,1,0.581074,0.619137,12429,237405
133,20361048,betweenness,1,0.345912,0.499686,12429,237405
133,20361048,pagerank,1,0.605377,0.652276,12429,237405
133,20361048,sm_betweenness,1,0.359101,0.387424,12429,237405
134,20361049,random,30,0.574879,0.586059,12405,237405
134,20361049,out_strength,1,0.201657,0.355073,12405,237405
134,20361049,in_strength,1,0.597695,0.634564,12405,237405
134,20361049,betweenness,1,0.346976,0.505501,12405,237405
134,20361049,pagerank,1,0.583442,0.626507,12405,237405
134,20361049,sm_betweenness,1,0.363614,0.383232,12405,237405
135,20361050,random,30,0.574855,0.586033,12358,237405
135,20361050,out_strength,1,0.201854,0.357879,12358,237405
135,20361050,in_strength,1,0.592401,0.637667,12358,237405
135,20361050,betweenness,1,0.348612,0.504673,12358,237405
135,20361050,pagerank,1,0.587876,0.640402,12358,237405
135,20361050,sm_betweenness,1,0.356138,0.368234,12358,237405
136,20361051,random,30,0.574656,0.586049,12391,237405
136,20361051,out_strength,1,0.20418,0.360066,12391,237405
136,20361051,in_strength,1,0.595868,0.634466,12391,237405
136,20361051,betweenness,1,0.350763,0.506195,12391,237405
136,20361051,pagerank,1,0.602233,0.652272,12391,237405
136,20361051,sm_betweenness,1,0.361892,0.372454,12391,237405
137,20361052,random,30,0.575734,0.585888,12377,237405
137,20361052,out_strength,1,0.202423,0.357432,12377,237405
137,20361052,in_strength,1,0.603249,0.637441,12377,237405
137,20361052,betweenness,1,0.346435,0.49744,12377,237405
137,20361052,pagerank,1,0.593244,0.645527,12377,237405
137,20361052,sm_betweenness,1,0.350259,0.359656,12377,237405
138,20361053,random,30,0.57487,0.585577,12395,237405
138,20361053,out_strength,1,0.203447,0.355581,12395,237405
138,20361053,in_strength,1,0.602799,0.642623,12395,237405
138,20361053,betweenness,1,0.3502,0.507812,12395,237405
138,20361053,pagerank,1,0.58899,0.646853,12395,237405
138,20361053,sm_betweenness,1,0.351969,0.364726,12395,237405
139,20361054,random,30,0.574735,0.58606,12394,237405
139,20361054,out_strength,1,0.203475,0.356811,12394,237405
139,20361054,in_strength,1,0.606704,0.660401,12394,237405
139,20361054,betweenness,1,0.342882,0.495648,12394,237405
139,20361054,pagerank,1,0.599575,0.651391,12394,237405
139,20361054,sm_betweenness,1,0.360248,0.376383,12394,237405
140,20361055,random,30,0.575005,0.585761,12370,237405
140,20361055,out_strength,1,0.201824,0.356429,12370,237405
140,20361055,in_strength,1,0.59765,0.66023,12370,237405
140,20361055,betweenness,1,0.345889,0.498,12370,237405
140,20361055,pagerank,1,0.585208,0.636228,12370,237405
140,20361055,sm_betweenness,1,0.347553,0.366575,12370,237405
141,20361056,random,30,0.575243,0.585291,12368,237405
141,20361056,out_strength,1,0.203004,0.357822,12368,237405
141,20361056,in_strength,1,0.585666,0.634717,12368,237405
141,20361056,betweenness,1,0.342465,0.492888,12368,237405
141,20361056,pagerank,1,0.57521,0.616238,12368,237405
141,20361056,sm_betweenness,1,0.33314,0.365239,12368,237405
142,20361057,random,30,0.574882,0.586402,12361,236740
142,20361057,out_strength,1,0.203503,0.35679,12361,236740
142,20361057,in_strength,1,0.602583,0.660213,12361,236740
142,20361057,betweenness,1,0.348139,0.504979,12361,236740
142,20361057,pagerank,1,0.58597,0.630842,12361,236740
142,20361057,sm_betweenness,1,0.338128,0.378213,12361,236740
143,20361058,random,30,0.57458,0.585549,12409,237405
143,20361058,out_strength,1,0.203725,0.35463,12409,237405
143,20361058,in_strength,1,0.583336,0.613681,12409,237405
143,20361058,betweenness,1,0.352065,0.498424,12409,237405
143,20361058,pagerank,1,0.593986,0.649306,12409,237405
143,20361058,sm_betweenness,1,0.367613,0.378946,12409,237405
144,20361059,random,30,0.575597,0.585741,12400,237405
144,20361059,out_strength,1,0.202478,0.356463,12400,237405
144,20361059,in_strength,1,0.593379,0.638489,12400,237405
144,20361059,betweenness,1,0.345641,0.51112,12400,237405
144,20361059,pagerank,1,0.602141,0.653998,12400,237405
144,20361059,sm_betweenness,1,0.348827,0.376262,12400,237405
145,20361060,random,30,0.574948,0.585946,12400,237405
145,20361060,out_strength,1,0.201903,0.355636,12400,237405
145,20361060,in_strength,1,0.584871,0.632413,12400,237405
145,20361060,betweenness,1,0.347031,0.511209,12400,237405
145,20361060,pagerank,1,0.584806,0.629895,12400,237405
145,20361060,sm_betweenness,1,0.363694,0.380299,12400,237405
146,20361061,random,30,0.574489,0.585973,12349,237405
146,20361061,out_strength,1,0.20097,0.353465,12349,237405
146,20361061,in_strength,1,0.598188,0.645068,12349,237405
146,20361061,betweenness,1,0.343474,0.495934,12349,237405
146,20361061,pagerank,1,0.596164,0.653701,12349,237405
146,20361061,sm_betweenness,1,0.344511,0.379081,12349,237405
147,20361062,random,30,0.57497,0.586055,12317,237405
147,20361062,out_strength,1,0.204099,0.361423,12317,237405
147,20361062,in_strength,1,0.573216,0.633666,12317,237405
147,20361062,betweenness,1,0.343031,0.490425,12317,237405
147,20361062,pagerank,1,0.599072,0.633043,12317,237405
147,20361062,sm_betweenness,1,0.36165,0.379236,12317,237405
148,20361063,random,30,0.57546,0.585976,12394,237405
148,20361063,out_strength,1,0.201186,0.357309,12394,237405
148,20361063,in_strength,1,0.602408,0.646796,12394,237405
148,20361063,betweenness,1,0.342185,0.503915,12394,237405
148,20361063,pagerank,1,0.589092,0.641023,12394,237405
148,20361063,sm_betweenness,1,0.352229,0.36856,12394,237405
149,20361064,random,30,0.575208,0.585651,12386,237405
149,20361064,out_strength,1,0.199925,0.354827,12386,237405
149,20361064,in_strength,1,0.605729,0.643552,12386,237405
149,20361064,betweenness,1,0.342875,0.495054,12386,237405
149,20361064,pagerank,1,0.588561,0.637602,12386,237405
149,20361064,sm_betweenness,1,0.360238,0.37015,12386,237405
150,20361065,random,30,0.575575,0.58619,12471,236740
150,20361065,out_strength,1,0.201244,0.357686,12471,236740
150,20361065,in_strength,1,0.57697,0.607329,12471,236740
150,20361065,betweenness,1,0.34392,0.496956,12471,236740
150,20361065,pagerank,1,0.595456,0.639704,12471,236740
150,20361065,sm_betweenness,1,0.360186,0.37095,12471,236740
151,20361066,random,30,0.57478,0.586107,12349,237405
151,20361066,out_strength,1,0.201399,0.356115,12349,237405
151,20361066,in_strength,1,0.606968,0.654403,12349,237405
151,20361066,betweenness,1,0.351623,0.51008,12349,237405
151,20361066,pagerank,1,0.597486,0.65005,12349,237405
151,20361066,sm_betweenness,1,0.381933,0.369248,12349,237405
152,20361067,random,30,0.575375,0.585808,12293,237405
152,20361067,out_strength,1,0.20047,0.353215,12293,237405
152,20361067,in_strength,1,0.597236,0.626891,12293,237405
152,20361067,betweenness,1,0.348765,0.498141,12293,237405
152,20361067,pagerank,1,0.604808,0.652933,12293,237405
152,20361067,sm_betweenness,1,0.349608,0.370309,12293,237405
153,20361068,random,30,0.575223,0.586682,12405,236740
153,20361068,out_strength,1,0.202605,0.358601,12405,236740
153,20361068,in_strength,1,0.579098,0.626047,12405,236740
153,20361068,betweenness,1,0.347645,0.505396,12405,236740
153,20361068,pagerank,1,0.591112,0.649589,12405,236740
153,20361068,sm_betweenness,1,0.375792,0.379594,12405,236740
154,20361069,random,30,0.574606,0.586424,12425,236741
154,20361069,out_strength,1,0.202509,0.353885,12425,236741
154,20361069,in_strength,1,0.567324,0.60112,12425,236741
154,20361069,betweenness,1,0.339862,0.486219,12425,236741
154,20361069,pagerank,1,0.590395,0.644926,12425,236741
154,20361069,sm_betweenness,1,0.345068,0.355078,12425,236741
155,20361070,random,30,0.57483,0.58599,12426,237405
155,20361070,out_strength,1,0.200942,0.354136,12426,237405
155,20361070,in_strength,1,0.597156,0.63925,12426,237405
155,20361070,betweenness,1,0.344513,0.503316,12426,237405
155,20361070,pagerank,1,0.596696,0.6586,12426,237405
155,20361070,sm_betweenness,1,0.343026,0.37525,12426,237405
156,20361071,random,30,0.575872,0.585605,12352,237405
156,20361071,out_strength,1,0.204329,0.361481,12352,237405
156,20361071,in_strength,1,0.59699,0.651702,12352,237405
156,20361071,betweenness,1,0.34243,0.496881,12352,237405
156,20361071,pagerank,1,0.589355,0.63638,12352,237405
156,20361071,sm_betweenness,1,0.339433,0.362128,12352,237405
157,20361072,random,30,0.575459,0.586378,12392,236740
157,20361072,out_strength,1,0.203326,0.359034,12392,236740
157,20361072,in_strength,1,0.597387,0.63702,12392,236740
157,20361072,betweenness,1,0.345733,0.502842,12392,236740
157,20361072,pagerank,1,0.569856,0.617405,12392,236740
157,20361072,sm_betweenness,1,0.357698,0.369039,12392,236740
158,20361073,random,30,0.575601,0.585658,12399,237405
158,20361073,out_strength,1,0.20295,0.357464,12399,237405
158,20361073,in_strength,1,0.594149,0.621717,12399,237405
158,20361073,betweenness,1,0.349767,0.501684,12399,237405
158,20361073,pagerank,1,0.592813,0.643845,12399,237405
158,20361073,sm_betweenness,1,0.345371,0.367136,12399,237405
159,20361074,random,30,0.576201,0.585996,12371,237405
159,20361074,out_strength,1,0.201602,0.358191,12371,237405
159,20361074,in_strength,1,0.601637,0.668225,12371,237405
159,20361074,betweenness,1,0.341619,0.505076,12371,237405
159,20361074,pagerank,1,0.59482,0.647087,12371,237405
159,20361074,sm_betweenness,1,0.371501,0.366816,12371,237405
160,20361075,random,30,0.575046,0.585751,12400,237405
160,20361075,out_strength,1,0.201673,0.35723,12400,237405
160,20361075,in_strength,1,0.589391,0.623712,12400,237405
160,20361075,betweenness,1,0.345247,0.510511,12400,237405
160,20361075,pagerank,1,0.591343,0.642405,12400,237405
160,20361075,sm_betweenness,1,0.361172,0.375387,12400,237405
161,20361076,random,30,0.574102,0.585435,12340,237405
161,20361076,out_strength,1,0.20223,0.353955,12340,237405
161,20361076,in_strength,1,0.592146,0.628748,12340,237405
161,20361076,betweenness,1,0.341935,0.499705,12340,237405
161,20361076,pagerank,1,0.598472,0.639238,12340,237405
161,20361076,sm_betweenness,1,0.342529,0.367075,12340,237405
162,20361077,random,30,0.574829,0.585932,12443,237405
162,20361077,out_strength,1,0.205135,0.363464,12443,237405
162,20361077,in_strength,1,0.601173,0.652621,12443,237405
162,20361077,betweenness,1,0.348242,0.4974,12443,237405
162,20361077,pagerank,1,0.603408,0.644693,12443,237405
162,20361077,sm_betweenness,1,0.346507,0.372076,12443,237405
163,20361078,random,30,0.574487,0.586199,12350,237405
163,20361078,out_strength,1,0.203784,0.358813,12350,237405
163,20361078,in_strength,1,0.585277,0.650414,12350,237405
163,20361078,betweenness,1,0.345973,0.498902,12350,237405
163,20361078,pagerank,1,0.597491,0.658206,12350,237405
163,20361078,sm_betweenness,1,0.336782,0.364079,12350,237405
164,20361079,random,30,0.575456,0.585932,12373,237405
164,20361079,out_strength,1,0.204995,0.359312,12373,237405
164,20361079,in_strength,1,0.578945,0.619025,12373,237405
164,20361079,betweenness,1,0.343664,0.492772,12373,237405
164,20361079,pagerank,1,0.592778,0.627849,12373,237405
164,20361079,sm_betweenness,1,0.365242,0.378661,12373,237405
165,20361080,random,30,0.574963,0.586009,12371,237405
165,20361080,out_strength,1,0.203336,0.357124,12371,237405
165,20361080,in_strength,1,0.59086,0.63247,12371,237405
165,20361080,betweenness,1,0.340905,0.491123,12371,237405
165,20361080,pagerank,1,0.605034,0.650113,12371,237405
165,20361080,sm_betweenness,1,0.351512,0.372742,12371,237405
166,20361081,random,30,0.575487,0.58549,12352,237405
166,20361081,out_strength,1,0.200883,0.357398,12352,237405
166,20361081,in_strength,1,0.58921,0.636803,12352,237405
166,20361081,betweenness,1,0.341336,0.488726,12352,237405
166,20361081,pagerank,1,0.595379,0.637439,12352,237405
166,20361081,sm_betweenness,1,0.33569,0.366246,12352,237405
167,20361082,random,30,0.575542,0.585872,12357,237405
167,20361082,out_strength,1,0.201209,0.356357,12357,237405
167,20361082,in_strength,1,0.588387,0.631187,12357,237405
167,20361082,betweenness,1,0.342908,0.499318,12357,237405
167,20361082,pagerank,1,0.591114,0.635273,12357,237405
167,20361082,sm_betweenness,1,0.342576,0.363558,12357,237405
168,20361083,random,30,0.576309,0.585535,12287,237405
168,20361083,out_strength,1,0.203586,0.357892,12287,237405
168,20361083,in_strength,1,0.607921,0.665185,12287,237405
168,20361083,betweenness,1,0.344252,0.500641,12287,237405
168,20361083,pagerank,1,0.595553,0.650851,12287,237405
168,20361083,sm_betweenness,1,0.333388,0.366753,12287,237405
169,20361084,random,30,0.57483,0.585557,12376,237405
169,20361084,out_strength,1,0.202106,0.355594,12376,237405
169,20361084,in_strength,1,0.595979,0.654327,12376,237405
169,20361084,betweenness,1,0.347485,0.488699,12376,237405
169,20361084,pagerank,1,0.589837,0.622886,12376,237405
169,20361084,sm_betweenness,1,0.342103,0.361887,12376,237405
170,20361085,random,30,0.575214,0.585827,12395,237405
170,20361085,out_strength,1,0.200925,0.359452,12395,237405
170,20361085,in_strength,1,0.593688,0.650202,12395,237405
170,20361085,betweenness,1,0.342115,0.507311,12395,237405
170,20361085,pagerank,1,0.594165,0.650746,12395,237405
170,20361085,sm_betweenness,1,0.34917,0.369844,12395,237405
171,20361086,random,30,0.575316,0.585236,12317,237405
171,20361086,out_strength,1,0.203753,0.358749,12317,237405
171,20361086,in_strength,1,0.615807,0.671073,12317,237405
171,20361086,betweenness,1,0.342779,0.499015,12317,237405
171,20361086,pagerank,1,0.592868,0.639025,12317,237405
171,20361086,sm_betweenness,1,0.329169,0.361299,12317,237405
172,20361087,random,30,0.574411,0.586188,12365,236740
172,20361087,out_strength,1,0.200625,0.358846,12365,236740
172,20361087,in_strength,1,0.602569,0.644466,12365,236740
172,20361087,betweenness,1,0.344506,0.513518,12365,236740
172,20361087,pagerank,1,0.605564,0.662182,12365,236740
172,20361087,sm_betweenness,1,0.327293,0.367575,12365,236740
173,20361088,random,30,0.574975,0.58564,12392,237405
173,20361088,out_strength,1,0.201219,0.354203,12392,237405
173,20361088,in_strength,1,0.576407,0.636179,12392,237405
173,20361088,betweenness,1,0.344562,0.498972,12392,237405
173,20361088,pagerank,1,0.593002,0.634643,12392,237405
173,20361088,sm_betweenness,1,0.33969,0.377615,12392,237405
174,20361089,random,30,0.575776,0.585794,12418,237405
174,20361089,out_strength,1,0.202693,0.353915,12418,237405
174,20361089,in_strength,1,0.591391,0.64672,12418,237405
174,20361089,betweenness,1,0.347414,0.502674,12418,237405
174,20361089,pagerank,1,0.587491,0.645894,12418,237405
174,20361089,sm_betweenness,1,0.369979,0.388603,12418,237405
175,20361090,random,30,0.57469,0.585881,12338,237405
175,20361090,out_strength,1,0.201822,0.357583,12338,237405
175,20361090,in_strength,1,0.598309,0.650502,12338,237405
175,20361090,betweenness,1,0.350486,0.50725,12338,237405
175,20361090,pagerank,1,0.594846,0.636855,12338,237405
175,20361090,sm_betweenness,1,0.33708,0.367765,12338,237405
176,20361091,random,30,0.575468,0.58563,12335,237405
176,20361091,out_strength,1,0.203672,0.356913,12335,237405
176,20361091,in_strength,1,0.593997,0.639132,12335,237405
176,20361091,betweenness,1,0.343612,0.498437,12335,237405
176,20361091,pagerank,1,0.592275,0.64233,12335,237405
176,20361091,sm_betweenness,1,0.352419,0.374586,12335,237405
177,20361092,random,30,0.57532,0.586005,12360,237405
177,20361092,out_strength,1,0.200432,0.355007,12360,237405
177,20361092,in_strength,1,0.590592,0.634191,12360,237405
177,20361092,betweenness,1,0.347169,0.501536,12360,237405
177,20361092,pagerank,1,0.586721,0.62868,12360,237405
177,20361092,sm_betweenness,1,0.358404,0.371392,12360,237405
178,20361093,random,30,0.574291,0.585899,12389,237405
178,20361093,out_strength,1,0.203931,0.358638,12389,237405
178,20361093,in_strength,1,0.597505,0.660509,12389,237405
178,20361093,betweenness,1,0.341437,0.493114,12389,237405
178,20361093,pagerank,1,0.603286,0.653669,12389,237405
178,20361093,sm_betweenness,1,0.355873,0.384145,12389,237405
179,20361094,random,30,0.574693,0.585864,12373,237405
179,20361094,out_strength,1,0.199028,0.349838,12373,237405
179,20361094,in_strength,1,0.592088,0.638958,12373,237405
179,20361094,betweenness,1,0.333839,0.486574,12373,237405
179,20361094,pagerank,1,0.597735,0.659168,12373,237405
179,20361094,sm_betweenness,1,0.354689,0.377746,12373,237405
180,20361095,random,30,0.574691,0.586287,12373,237405
180,20361095,out_strength,1,0.201903,0.357861,12373,237405
180,20361095,in_strength,1,0.592677,0.628058,12373,237405
180,20361095,betweenness,1,0.345881,0.504534,12373,237405
180,20361095,pagerank,1,0.582878,0.624905,12373,237405
180,20361095,sm_betweenness,1,0.360539,0.371893,12373,237405
181,20361096,random,30,0.575023,0.585799,12331,237405
181,20361096,out_strength,1,0.202405,0.354846,12331,237405
181,20361096,in_strength,1,0.596771,0.630364,12331,237405
181,20361096,betweenness,1,0.353618,0.504124,12331,237405
181,20361096,pagerank,1,0.590304,0.635036,12331,237405
181,20361096,sm_betweenness,1,0.362204,0.379697,12331,237405
182,20361097,random,30,0.574777,0.585994,12361,237405
182,20361097,out_strength,1,0.202859,0.35799,12361,237405
182,20361097,in_strength,1,0.589718,0.631749,12361,237405
182,20361097,betweenness,1,0.348866,0.50723,12361,237405
182,20361097,pagerank,1,0.582785,0.634049,12361,237405
182,20361097,sm_betweenness,1,0.34039,0.371036,12361,237405
183,20361098,random,30,0.574479,0.58518,12374,237405
183,20361098,out_strength,1,0.204474,0.358787,12374,237405
183,20361098,in_strength,1,0.599882,0.641852,12374,237405
183,20361098,betweenness,1,0.344662,0.506087,12374,237405
183,20361098,pagerank,1,0.566251,0.625866,12374,237405
183,20361098,sm_betweenness,1,0.347147,0.372887,12374,237405
184,20361099,random,30,0.575339,0.585814,12405,237405
184,20361099,out_strength,1,0.201774,0.358341,12405,237405
184,20361099,in_strength,1,0.595507,0.656385,12405,237405
184,20361099,betweenness,1,0.346507,0.487963,12405,237405
184,20361099,pagerank,1,0.59023,0.643556,12405,237405
184,20361099,sm_betweenness,1,0.351946,0.363013,12405,237405
185,20361100,random,30,0.574997,0.586139,12408,237405
185,20361100,out_strength,1,0.203769,0.362284,12408,237405
185,20361100,in_strength,1,0.615003,0.664261,12408,237405
185,20361100,betweenness,1,0.343647,0.491008,12408,237405
185,20361100,pagerank,1,0.589214,0.622162,12408,237405
185,20361100,sm_betweenness,1,0.367477,0.377428,12408,237405
186,20361101,random,30,0.574724,0.585952,12395,237405
186,20361101,out_strength,1,0.202334,0.355925,12395,237405
186,20361101,in_strength,1,0.585958,0.635979,12395,237405
186,20361101,betweenness,1,0.343521,0.497345,12395,237405
186,20361101,pagerank,1,0.583108,0.629708,12395,237405
186,20361101,sm_betweenness,1,0.345444,0.373181,12395,237405
187,20361102,random,30,0.575748,0.585848,12387,237405
187,20361102,out_strength,1,0.20224,0.361267,12387,237405
187,20361102,in_strength,1,0.591884,0.634156,12387,237405
187,20361102,betweenness,1,0.346977,0.50809,12387,237405
187,20361102,pagerank,1,0.587153,0.632985,12387,237405
187,20361102,sm_betweenness,1,0.352617,0.377517,12387,237405
188,20361103,random,30,0.575073,0.586095,12355,237405
188,20361103,out_strength,1,0.201787,0.357071,12355,237405
188,20361103,in_strength,1,0.597692,0.640166,12355,237405
188,20361103,betweenness,1,0.345545,0.490507,12355,237405
188,20361103,pagerank,1,0.588582,0.635796,12355,237405
188,20361103,sm_betweenness,1,0.352766,0.374207,12355,237405
189,20361104,random,30,0.57514,0.586126,12361,237405
189,20361104,out_strength,1,0.201577,0.357238,12361,237405
189,20361104,in_strength,1,0.589272,0.623148,12361,237405
189,20361104,betweenness,1,0.346642,0.501493,12361,237405
189,20361104,pagerank,1,0.590647,0.633766,12361,237405
189,20361104,sm_betweenness,1,0.351058,0.370732,12361,237405
190,20361105,random,30,0.575556,0.586064,12356,237405
190,20361105,out_strength,1,0.203492,0.356771,12356,237405
190,20361105,in_strength,1,0.5831,0.623195,12356,237405
190,20361105,betweenness,1,0.341433,0.500199,12356,237405
190,20361105,pagerank,1,0.591815,0.637571,12356,237405
190,20361105,sm_betweenness,1,0.344155,0.362404,12356,237405
191,20361106,random,30,0.575276,0.586198,12358,236740
191,20361106,out_strength,1,0.199232,0.354616,12358,236740
191,20361106,in_strength,1,0.601442,0.638257,12358,236740
191,20361106,betweenness,1,0.345167,0.496664,12358,236740
191,20361106,pagerank,1,0.593571,0.65034,12358,236740
191,20361106,sm_betweenness,1,0.355293,0.362628,12358,236740
192,20361107,random,30,0.574828,0.586269,12360,237405
192,20361107,out_strength,1,0.203449,0.361463,12360,237405
192,20361107,in_strength,1,0.608761,0.650735,12360,237405
192,20361107,betweenness,1,0.345002,0.509742,12360,237405
192,20361107,pagerank,1,0.603207,0.668636,12360,237405
192,20361107,sm_betweenness,1,0.358219,0.37494,12360,237405
193,20361108,random,30,0.575604,0.58579,12319,237405
193,20361108,out_strength,1,0.199799,0.353947,12319,237405
193,20361108,in_strength,1,0.605731,0.643663,12319,237405
193,20361108,betweenness,1,0.345549,0.499571,12319,237405
193,20361108,pagerank,1,0.582346,0.629413,12319,237405
193,20361108,sm_betweenness,1,0.351397,0.373406,12319,237405
194,20361109,random,30,0.575115,0.585679,12367,237405
194,20361109,out_strength,1,0.201174,0.360016,12367,237405
194,20361109,in_strength,1,0.583258,0.62958,12367,237405
194,20361109,betweenness,1,0.346559,0.508702,12367,237405
194,20361109,pagerank,1,0.585524,0.621567,12367,237405
194,20361109,sm_betweenness,1,0.352254,0.368824,12367,237405
195,20361110,random,30,0.57524,0.586191,12332,237405
195,20361110,out_strength,1,0.202396,0.353005,12332,237405
195,20361110,in_strength,1,0.600715,0.639553,12332,237405
195,20361110,betweenness,1,0.344462,0.501197,12332,237405
195,20361110,pagerank,1,0.596225,0.651998,12332,237405
195,20361110,sm_betweenness,1,0.350153,0.371822,12332,237405
196,20361111,random,30,0.575116,0.585975,12389,237405
196,20361111,out_strength,1,0.201871,0.354528,12389,237405
196,20361111,in_strength,1,0.579211,0.62565,12389,237405
196,20361111,betweenness,1,0.348778,0.502631,12389,237405
196,20361111,pagerank,1,0.582304,0.637661,12389,237405
196,20361111,sm_betweenness,1,0.37017,0.375049,12389,237405
197,20361112,random,30,0.575499,0.586066,12393,237405
197,20361112,out_strength,1,0.201384,0.356669,12393,237405
197,20361112,in_strength,1,0.593891,0.650749,12393,237405
197,20361112,betweenness,1,0.345624,0.499324,12393,237405
197,20361112,pagerank,1,0.583406,0.639092,12393,237405
197,20361112,sm_betweenness,1,0.340366,0.375624,12393,237405
198,20361113,random,30,0.574776,0.586004,12354,237405
198,20361113,out_strength,1,0.204935,0.36376,12354,237405
198,20361113,in_strength,1,0.595158,0.646264,12354,237405
198,20361113,betweenness,1,0.338609,0.493409,12354,237405
198,20361113,pagerank,1,0.59359,0.639451,12354,237405
198,20361113,sm_betweenness,1,0.354574,0.375692,12354,237405
199,20361114,random,30,0.574655,0.585783,12349,237405
199,20361114,out_strength,1,0.201941,0.355458,12349,237405
199,20361114,in_strength,1,0.58432,0.639126,12349,237405
199,20361114,betweenness,1,0.348791,0.508186,12349,237405
199,20361114,pagerank,1,0.583005,0.62724,12349,237405
199,20361114,sm_betweenness,1,0.378808,0.382245,12349,237405
