cell_type,superclass,role,pairs_lost,own_pairs,other_pairs,sensory_types_cut,motor_types_cut
SNpp17,vnc_sensory,sensory,1330,665,665,1,665
AMMC029,cb_intrinsic,other,665,0,665,1,665
ANXXX264,ascending_neuron,other,665,0,665,1,665
BM,cb_sensory,sensory,665,665,0,0,0
BM_Hau,cb_sensory,sensory,665,665,0,0,0
BM_InOm,cb_sensory,sensory,665,665,0,0,0
BM_MaPa,cb_sensory,sensory,665,665,0,0,0
BM_Taste,cb_sensory,sensory,665,665,0,0,0
BM_Vib,cb_sensory,sensory,665,665,0,0,0
BM_Vt_PoOc,cb_sensory,sensory,665,665,0,0,0
BM_vOcci_vPoOr,cb_sensory,sensory,665,665,0,0,0
CB4246,cb_sensory,sensory,665,665,0,0,0
DNx01,sensory_descending,sensory,665,665,0,0,0
DNx02,sensory_descending,sensory,665,665,0,0,0
ENS1,cb_sensory,sensory,665,665,0,0,0
ENS2,cb_sensory,sensory,665,665,0,0,0
ENS3,cb_sensory,sensory,665,665,0,0,0
ENS4,cb_sensory,sensory,665,665,0,0,0
ENS5,cb_sensory,sensory,665,665,0,0,0
GNG642,cb_sensory,sensory,665,665,0,0,0
GNG643,cb_sensory,sensory,665,665,0,0,0
GNG644,cb_sensory,sensory,665,665,0,0,0
GNG654,cb_sensory,sensory,665,665,0,0,0
GNG655,cb_sensory,sensory,665,665,0,0,0
HBeyelet,ol_sensory,sensory,665,665,0,0,0
HRN_VP1d,cb_sensory,sensory,665,665,0,0,0
HRN_VP1l,cb_sensory,sensory,665,665,0,0,0
HRN_VP4,cb_sensory,sensory,665,665,0,0,0
HRN_VP5,cb_sensory,sensory,665,665,0,0,0
JO-A1,cb_sensory,sensory,665,665,0,0,0
JO-A2,cb_sensory,sensory,665,665,0,0,0
JO-A3,cb_sensory,sensory,665,665,0,0,0
JO-A4,cb_sensory,sensory,665,665,0,0,0
JO-B1_a,cb_sensory,sensory,665,665,0,0,0
JO-B1_b,cb_sensory,sensory,665,665,0,0,0
JO-B1_c,cb_sensory,sensory,665,665,0,0,0
JO-B2,cb_sensory,sensory,665,665,0,0,0
JO-B3,cb_sensory,sensory,665,665,0,0,0
JO-B4_a,cb_sensory,sensory,665,665,0,0,0
JO-B4_b,cb_sensory,sensory,665,665,0,0,0
JO-CA1,cb_sensory,sensory,665,665,0,0,0
JO-CA2,cb_sensory,sensory,665,665,0,0,0
JO-CL,cb_sensory,sensory,665,665,0,0,0
JO-CM,cb_sensory,sensory,665,665,0,0,0
JO-DA,cb_sensory,sensory,665,665,0,0,0
JO-DP,cb_sensory,sensory,665,665,0,0,0
JO-ED1,cb_sensory,sensory,665,665,0,0,0
JO-ED2_a,cb_sensory,sensory,665,665,0,0,0
JO-ED2_b,cb_sensory,sensory,665,665,0,0,0
JO-ED2_c,cb_sensory,sensory,665,665,0,0,0
JO-EV1,cb_sensory,sensory,665,665,0,0,0
JO-EV2,cb_sensory,sensory,665,665,0,0,0
JO-EV3,cb_sensory,sensory,665,665,0,0,0
JO-EV4,cb_sensory,sensory,665,665,0,0,0
JO-EV5,cb_sensory,sensory,665,665,0,0,0
JO-EV6,cb_sensory,sensory,665,665,0,0,0
JO-FD1,cb_sensory,sensory,665,665,0,0,0
JO-FD2,cb_sensory,sensory,665,665,0,0,0
JO-FV,cb_sensory,sensory,665,665,0,0,0
JO-mz,cb_sensory,sensory,665,665,0,0,0
JO-unclear,cb_sensory,sensory,665,665,0,0,0
LB1a,cb_sensory,sensory,665,665,0,0,0
LB1b,cb_sensory,sensory,665,665,0,0,0
LB1c,cb_sensory,sensory,665,665,0,0,0
LB1d,cb_sensory,sensory,665,665,0,0,0
LB1e,cb_sensory,sensory,665,665,0,0,0
LB2a,cb_sensory,sensory,665,665,0,0,0
LB2b,cb_sensory,sensory,665,665,0,0,0
LB2c,cb_sensory,sensory,665,665,0,0,0
LB2d,cb_sensory,sensory,665,665,0,0,0
LB3a,cb_sensory,sensory,665,665,0,0,0
LB3b,cb_sensory,sensory,665,665,0,0,0
LB3c,cb_sensory,sensory,665,665,0,0,0
LB3d,cb_sensory,sensory,665,665,0,0,0
LB4a,cb_sensory,sensory,665,665,0,0,0
LB4b,cb_sensory,sensory,665,665,0,0,0
LN-DN1,sensory_descending,sensory,665,665,0,0,0
LN-DN2,sensory_descending,sensory,665,665,0,0,0
LgAG1,sensory_ascending,sensory,665,665,0,0,0
LgAG2,sensory_ascending,sensory,665,665,0,0,0
LgAG3,sensory_ascending,sensory,665,665,0,0,0
LgAG4,sensory_ascending,sensory,665,665,0,0,0
LgAG5,sensory_ascending,sensory,665,665,0,0,0
LgAG6,sensory_ascending,sensory,665,665,0,0,0
LgAG7,sensory_ascending,sensory,665,665,0,0,0
LgAG8,sensory_ascending,sensory,665,665,0,0,0
LgAG9,sensory_ascending,sensory,665,665,0,0,0
LgLG1a,vnc_sensory,sensory,665,665,0,0,0
LgLG1b,vnc_sensory,sensory,665,665,0,0,0
LgLG2,vnc_sensory,sensory,665,665,0,0,0
LgLG3,vnc_sensory,sensory,665,665,0,0,0
LgLG4,vnc_sensory,sensory,665,665,0,0,0
LgLG5,vnc_sensory,sensory,665,665,0,0,0
LgLG6,vnc_sensory,sensory,665,665,0,0,0
LgLG7,vnc_sensory,sensory,665,665,0,0,0
LgLG8,vnc_sensory,sensory,665,665,0,0,0
ORN_D,cb_sensory,sensory,665,665,0,0,0
ORN_DA1,cb_sensory,sensory,665,665,0,0,0
ORN_DA2,cb_sensory,sensory,665,665,0,0,0
ORN_DA3,cb_sensory,sensory,665,665,0,0,0
ORN_DA4l,cb_sensory,sensory,665,665,0,0,0
ORN_DA4m,cb_sensory,sensory,665,665,0,0,0
ORN_DC1,cb_sensory,sensory,665,665,0,0,0
ORN_DC2,cb_sensory,sensory,665,665,0,0,0
ORN_DC3,cb_sensory,sensory,665,665,0,0,0
ORN_DC4,cb_sensory,sensory,665,665,0,0,0
ORN_DL1,cb_sensory,sensory,665,665,0,0,0
ORN_DL2d,cb_sensory,sensory,665,665,0,0,0
ORN_DL2v,cb_sensory,sensory,665,665,0,0,0
ORN_DL3,cb_sensory,sensory,665,665,0,0,0
ORN_DL4,cb_sensory,sensory,665,665,0,0,0
ORN_DL5,cb_sensory,sensory,665,665,0,0,0
ORN_DM1,cb_sensory,sensory,665,665,0,0,0
ORN_DM2,cb_sensory,sensory,665,665,0,0,0
ORN_DM3,cb_sensory,sensory,665,665,0,0,0
ORN_DM4,cb_sensory,sensory,665,665,0,0,0
ORN_DM5,cb_sensory,sensory,665,665,0,0,0
ORN_DM6,cb_sensory,sensory,665,665,0,0,0
ORN_DP1l,cb_sensory,sensory,665,665,0,0,0
ORN_DP1m,cb_sensory,sensory,665,665,0,0,0
ORN_V,cb_sensory,sensory,665,665,0,0,0
ORN_VA1d,cb_sensory,sensory,665,665,0,0,0
ORN_VA1v,cb_sensory,sensory,665,665,0,0,0
ORN_VA2,cb_sensory,sensory,665,665,0,0,0
ORN_VA3,cb_sensory,sensory,665,665,0,0,0
ORN_VA4,cb_sensory,sensory,665,665,0,0,0
ORN_VA5,cb_sensory,sensory,665,665,0,0,0
ORN_VA6,cb_sensory,sensory,665,665,0,0,0
ORN_VA7l,cb_sensory,sensory,665,665,0,0,0
ORN_VA7m,cb_sensory,sensory,665,665,0,0,0
ORN_VC1,cb_sensory,sensory,665,665,0,0,0
ORN_VC2,cb_sensory,sensory,665,665,0,0,0
ORN_VC3,cb_sensory,sensory,665,665,0,0,0
ORN_VC4,cb_sensory,sensory,665,665,0,0,0
ORN_VC5,cb_sensory,sensory,665,665,0,0,0
ORN_VL1,cb_sensory,sensory,665,665,0,0,0
ORN_VL2a,cb_sensory,sensory,665,665,0,0,0
ORN_VL2p,cb_sensory,sensory,665,665,0,0,0
ORN_VM1,cb_sensory,sensory,665,665,0,0,0
ORN_VM2,cb_sensory,sensory,665,665,0,0,0
ORN_VM3,cb_sensory,sensory,665,665,0,0,0
ORN_VM4,cb_sensory,sensory,665,665,0,0,0
ORN_VM5d,cb_sensory,sensory,665,665,0,0,0
ORN_VM5v,cb_sensory,sensory,665,665,0,0,0
ORN_VM6l,cb_sensory,sensory,665,665,0,0,0
ORN_VM6m,cb_sensory,sensory,665,665,0,0,0
ORN_VM6v,cb_sensory,sensory,665,665,0,0,0
ORN_VM7d,cb_sensory,sensory,665,665,0,0,0
ORN_VM7v,cb_sensory,sensory,665,665,0,0,0
PhG10,cb_sensory,sensory,665,665,0,0,0
PhG11,cb_sensory,sensory,665,665,0,0,0
PhG12,cb_sensory,sensory,665,665,0,0,0
PhG13,cb_sensory,sensory,665,665,0,0,0
PhG14,cb_sensory,sensory,665,665,0,0,0
PhG15,cb_sensory,sensory,665,665,0,0,0
PhG16,cb_sensory,sensory,665,665,0,0,0
PhG1a,cb_sensory,sensory,665,665,0,0,0
PhG1b,cb_sensory,sensory,665,665,0,0,0
PhG1c,cb_sensory,sensory,665,665,0,0,0
PhG2,cb_sensory,sensory,665,665,0,0,0
PhG3,cb_sensory,sensory,665,665,0,0,0
PhG4,cb_sensory,sensory,665,665,0,0,0
PhG5,cb_sensory,sensory,665,665,0,0,0
PhG6,cb_sensory,sensory,665,665,0,0,0
PhG7,cb_sensory,sensory,665,665,0,0,0
PhG8,cb_sensory,sensory,665,665,0,0,0
PhG9,cb_sensory,sensory,665,665,0,0,0
R1-R6,ol_sensory,sensory,665,665,0,0,0
R7_unclear,ol_sensory,sensory,665,665,0,0,0
R7d,ol_sensory,sensory,665,665,0,0,0
R7p,ol_sensory,sensory,665,665,0,0,0
R7y,ol_sensory,sensory,665,665,0,0,0
R8_unclear,ol_sensory,sensory,665,665,0,0,0
R8d,ol_sensory,sensory,665,665,0,0,0
R8p,ol_sensory,sensory,665,665,0,0,0
R8y,ol_sensory,sensory,665,665,0,0,0
SApp,sensory_ascending,sensory,665,665,0,0,0
SApp01,sensory_ascending,sensory,665,665,0,0,0
"SApp02,SApp03",vnc_sensory,sensory,665,665,0,0,0
SApp04,sensory_ascending,sensory,665,665,0,0,0
SApp05,vnc_sensory,sensory,665,665,0,0,0
"SApp06,SApp15",sensory_ascending,sensory,665,665,0,0,0
SApp07,vnc_sensory,sensory,665,665,0,0,0
SApp08,sensory_ascending,sensory,665,665,0,0,0
"SApp09,SApp22",sensory_ascending,sensory,665,665,0,0,0
SApp10,sensory_ascending,sensory,665,665,0,0,0
"SApp11,SApp18",sensory_ascending,sensory,665,665,0,0,0
SApp13,sensory_ascending,sensory,665,665,0,0,0
SApp14,sensory_ascending,sensory,665,665,0,0,0
SApp19,sensory_ascending,sensory,665,665,0,0,0
SApp20,sensory_ascending,sensory,665,665,0,0,0
SApp21,sensory_ascending,sensory,665,665,0,0,0
SApp23,sensory_ascending,sensory,665,665,0,0,0
"SApp23,SNpp56",vnc_sensory,sensory,665,665,0,0,0
SAxx01,sensory_ascending,sensory,665,665,0,0,0
SAxx02,sensory_ascending,sensory,665,665,0,0,0
SNch01,vnc_sensory,sensory,665,665,0,0,0
SNch10,vnc_sensory,sensory,665,665,0,0,0
SNpp01,vnc_sensory,sensory,665,665,0,0,0
SNpp02,vnc_sensory,sensory,665,665,0,0,0
SNpp03,vnc_sensory,sensory,665,665,0,0,0
SNpp04,vnc_sensory,sensory,665,665,0,0,0
SNpp05,vnc_sensory,sensory,665,665,0,0,0
SNpp06,vnc_sensory,sensory,665,665,0,0,0
SNpp07,vnc_sensory,sensory,665,665,0,0,0
SNpp08,vnc_sensory,sensory,665,665,0,0,0
SNpp09,vnc_sensory,sensory,665,665,0,0,0
SNpp10,vnc_sensory,sensory,665,665,0,0,0
SNpp11,vnc_sensory,sensory,665,665,0,0,0
SNpp12,vnc_sensory,sensory,665,665,0,0,0
SNpp13,vnc_sensory,sensory,665,665,0,0,0
SNpp14,vnc_sensory,sensory,665,665,0,0,0
SNpp15,vnc_sensory,sensory,665,665,0,0,0
SNpp16,vnc_sensory,sensory,665,665,0,0,0
SNpp18,vnc_sensory,sensory,665,665,0,0,0
SNpp19,vnc_sensory,sensory,665,665,0,0,0
SNpp20,vnc_sensory,sensory,665,665,0,0,0
"SNpp20,SApp02",vnc_sensory,sensory,665,665,0,0,0
SNpp21,vnc_sensory,sensory,665,665,0,0,0
SNpp22,vnc_sensory,sensory,665,665,0,0,0
SNpp23,vnc_sensory,sensory,665,665,0,0,0
SNpp24,vnc_sensory,sensory,665,665,0,0,0
SNpp25,vnc_sensory,sensory,665,665,0,0,0
SNpp26,vnc_sensory,sensory,665,665,0,0,0
SNpp27,vnc_sensory,sensory,665,665,0,0,0
SNpp28,vnc_sensory,sensory,665,665,0,0,0
"SNpp29,SNpp63",vnc_sensory,sensory,665,665,0,0,0
SNpp30,vnc_sensory,sensory,665,665,0,0,0
SNpp31,vnc_sensory,sensory,665,665,0,0,0
SNpp32,vnc_sensory,sensory,665,665,0,0,0
SNpp33,vnc_sensory,sensory,665,665,0,0,0
SNpp34,vnc_sensory,sensory,665,665,0,0,0
"SNpp34,SApp16",vnc_sensory,sensory,665,665,0,0,0
SNpp35,vnc_sensory,sensory,665,665,0,0,0
SNpp36,vnc_sensory,sensory,665,665,0,0,0
SNpp37,vnc_sensory,sensory,665,665,0,0,0
SNpp38,vnc_sensory,sensory,665,665,0,0,0
SNpp39,vnc_sensory,sensory,665,665,0,0,0
SNpp40,vnc_sensory,sensory,665,665,0,0,0
SNpp41,vnc_sensory,sensory,665,665,0,0,0
SNpp42,vnc_sensory,sensory,665,665,0,0,0
SNpp43,vnc_sensory,sensory,665,665,0,0,0
SNpp44,vnc_sensory,sensory,665,665,0,0,0
SNpp45,vnc_sensory,sensory,665,665,0,0,0
SNpp46,vnc_sensory,sensory,665,665,0,0,0
SNpp47,vnc_sensory,sensory,665,665,0,0,0
SNpp48,vnc_sensory,sensory,665,665,0,0,0
SNpp49,vnc_sensory,sensory,665,665,0,0,0
SNpp50,vnc_sensory,sensory,665,665,0,0,0
SNpp51,vnc_sensory,sensory,665,665,0,0,0
SNpp52,vnc_sensory,sensory,665,665,0,0,0
SNpp53,vnc_sensory,sensory,665,665,0,0,0
SNpp55,vnc_sensory,sensory,665,665,0,0,0
SNpp56,vnc_sensory,sensory,665,665,0,0,0
SNpp57,vnc_sensory,sensory,665,665,0,0,0
SNpp58,vnc_sensory,sensory,665,665,0,0,0
SNpp59,vnc_sensory,sensory,665,665,0,0,0
SNpp60,vnc_sensory,sensory,665,665,0,0,0
SNpp61,vnc_sensory,sensory,665,665,0,0,0
SNpp62,vnc_sensory,sensory,665,665,0,0,0
SNppxx,vnc_sensory,sensory,665,665,0,0,0
SNta02,vnc_sensory,sensory,665,665,0,0,0
"SNta02,SNta09",vnc_sensory,sensory,665,665,0,0,0
SNta03,vnc_sensory,sensory,665,665,0,0,0
SNta04,vnc_sensory,sensory,665,665,0,0,0
"SNta04,SNta11",vnc_sensory,sensory,665,665,0,0,0
SNta05,vnc_sensory,sensory,665,665,0,0,0
SNta06,vnc_sensory,sensory,665,665,0,0,0
SNta07,vnc_sensory,sensory,665,665,0,0,0
SNta10,vnc_sensory,sensory,665,665,0,0,0
SNta11,vnc_sensory,sensory,665,665,0,0,0
"SNta11,SNta14",vnc_sensory,sensory,665,665,0,0,0
SNta12,vnc_sensory,sensory,665,665,0,0,0
SNta13,vnc_sensory,sensory,665,665,0,0,0
SNta14,vnc_sensory,sensory,665,665,0,0,0
SNta18,vnc_sensory,sensory,665,665,0,0,0
SNta19,vnc_sensory,sensory,665,665,0,0,0
"SNta19,SNta37",vnc_sensory,sensory,665,665,0,0,0
SNta20,vnc_sensory,sensory,665,665,0,0,0
SNta21,vnc_sensory,sensory,665,665,0,0,0
"SNta21,SNta38",vnc_sensory,sensory,665,665,0,0,0
SNta22,vnc_sensory,sensory,665,665,0,0,0
"SNta22,SNta23",vnc_sensory,sensory,665,665,0,0,0
"SNta22,SNta33",vnc_sensory,sensory,665,665,0,0,0
SNta23,vnc_sensory,sensory,665,665,0,0,0
SNta25,vnc_sensory,sensory,665,665,0,0,0
"SNta25,SNta30",vnc_sensory,sensory,665,665,0,0,0
SNta26,vnc_sensory,sensory,665,665,0,0,0
SNta27,vnc_sensory,sensory,665,665,0,0,0
"SNta27,SNta28",vnc_sensory,sensory,665,665,0,0,0
SNta28,vnc_sensory,sensory,665,665,0,0,0
"SNta28,SNta44",vnc_sensory,sensory,665,665,0,0,0
SNta29,vnc_sensory,sensory,665,665,0,0,0
SNta30,vnc_sensory,sensory,665,665,0,0,0
SNta31,vnc_sensory,sensory,665,665,0,0,0
SNta32,vnc_sensory,sensory,665,665,0,0,0
SNta33,vnc_sensory,sensory,665,665,0,0,0
SNta34,vnc_sensory,sensory,665,665,0,0,0
SNta35,vnc_sensory,sensory,665,665,0,0,0
SNta36,vnc_sensory,sensory,665,665,0,0,0
SNta37,vnc_sensory,sensory,665,665,0,0,0
SNta38,vnc_sensory,sensory,665,665,0,0,0
SNta39,vnc_sensory,sensory,665,665,0,0,0
SNta40,vnc_sensory,sensory,665,665,0,0,0
SNta41,vnc_sensory,sensory,665,665,0,0,0
SNta42,vnc_sensory,sensory,665,665,0,0,0
SNta43,vnc_sensory,sensory,665,665,0,0,0
SNta44,vnc_sensory,sensory,665,665,0,0,0
SNta45,vnc_sensory,sensory,665,665,0,0,0
SNtaxx,vnc_sensory,sensory,665,665,0,0,0
SNxx01,vnc_sensory,sensory,665,665,0,0,0
SNxx02,vnc_sensory,sensory,665,665,0,0,0
SNxx03,vnc_sensory,sensory,665,665,0,0,0
SNxx04,vnc_sensory,sensory,665,665,0,0,0
SNxx05,vnc_sensory,sensory,665,665,0,0,0
SNxx06,vnc_sensory,sensory,665,665,0,0,0
SNxx07,vnc_sensory,sensory,665,665,0,0,0
SNxx08,vnc_sensory,sensory,665,665,0,0,0
SNxx09,vnc_sensory,sensory,665,665,0,0,0
SNxx10,vnc_sensory,sensory,665,665,0,0,0
SNxx11,vnc_sensory,sensory,665,665,0,0,0
SNxx14,vnc_sensory,sensory,665,665,0,0,0
SNxx15,vnc_sensory,sensory,665,665,0,0,0
SNxx16,vnc_sensory,sensory,665,665,0,0,0
SNxx17,vnc_sensory,sensory,665,665,0,0,0
SNxx19,vnc_sensory,sensory,665,665,0,0,0
SNxx20,vnc_sensory,sensory,665,665,0,0,0
SNxx21,vnc_sensory,sensory,665,665,0,0,0
SNxx22,vnc_sensory,sensory,665,665,0,0,0
SNxx23,vnc_sensory,sensory,665,665,0,0,0
SNxx24,vnc_sensory,sensory,665,665,0,0,0
SNxx25,vnc_sensory,sensory,665,665,0,0,0
SNxx26,vnc_sensory,sensory,665,665,0,0,0
"SNxx27,SNxx29",sensory_ascending,sensory,665,665,0,0,0
SNxx28,vnc_sensory,sensory,665,665,0,0,0
SNxx29,vnc_sensory,sensory,665,665,0,0,0
SNxx30,vnc_sensory,sensory,665,665,0,0,0
SNxx31,vnc_sensory,sensory,665,665,0,0,0
SNxx32,vnc_sensory,sensory,665,665,0,0,0
SNxx33,vnc_sensory,sensory,665,665,0,0,0
SNxxxx,vnc_sensory,sensory,665,665,0,0,0
TPMN1,cb_sensory,sensory,665,665,0,0,0
TPMN2,cb_sensory,sensory,665,665,0,0,0
TRN_VP1m,cb_sensory,sensory,665,665,0,0,0
TRN_VP2,cb_sensory,sensory,665,665,0,0,0
TRN_VP3a,cb_sensory,sensory,665,665,0,0,0
TRN_VP3b,cb_sensory,sensory,665,665,0,0,0
WG1,vnc_sensory,sensory,665,665,0,0,0
WG2,vnc_sensory,sensory,665,665,0,0,0
WG3,vnc_sensory,sensory,665,665,0,0,0
WG4,vnc_sensory,sensory,665,665,0,0,0
aPhM1,cb_sensory,sensory,665,665,0,0,0
aPhM2a,cb_sensory,sensory,665,665,0,0,0
aPhM2b,cb_sensory,sensory,665,665,0,0,0
aPhM3,cb_sensory,sensory,665,665,0,0,0
aPhM4,cb_sensory,sensory,665,665,0,0,0
aPhM5,cb_sensory,sensory,665,665,0,0,0
claw_tpGRN,cb_sensory,sensory,665,665,0,0,0
dorsal_tpGRN,cb_sensory,sensory,665,665,0,0,0
ADNM1 MN,vnc_motor,motor,357,357,0,0,0
ADNM2 MN,vnc_motor,motor,357,357,0,0,0
Acc. ti flexor MN,vnc_motor,motor,357,357,0,0,0
Acc. tr flexor MN,vnc_motor,motor,357,357,0,0,0
CB0429,descending_neuron,motor,357,357,0,0,0
CEM,cb_motor,motor,357,357,0,0,0
CvN4,cb_motor,motor,357,357,0,0,0
CvN5,cb_motor,motor,357,357,0,0,0
CvN6,cb_motor,motor,357,357,0,0,0
CvN7,cb_motor,motor,357,357,0,0,0
"DLMn a, b",vnc_motor,motor,357,357,0,0,0
DLMn c-f,vnc_motor,motor,357,357,0,0,0
DNa01,descending_neuron,motor,357,357,0,0,0
DNa02,descending_neuron,motor,357,357,0,0,0
DNa03,descending_neuron,motor,357,357,0,0,0
DNa04,descending_neuron,motor,357,357,0,0,0
DNa05,descending_neuron,motor,357,357,0,0,0
DNa06,descending_neuron,motor,357,357,0,0,0
DNa07,descending_neuron,motor,357,357,0,0,0
DNa08,descending_neuron,motor,357,357,0,0,0
DNa09,descending_neuron,motor,357,357,0,0,0
DNa10,descending_neuron,motor,357,357,0,0,0
DNa11,descending_neuron,motor,357,357,0,0,0
DNa13,descending_neuron,motor,357,357,0,0,0
DNa14,descending_neuron,motor,357,357,0,0,0
DNa15,descending_neuron,motor,357,357,0,0,0
DNa16,descending_neuron,motor,357,357,0,0,0
DNae001,descending_neuron,motor,357,357,0,0,0
DNae002,descending_neuron,motor,357,357,0,0,0
DNae003,descending_neuron,motor,357,357,0,0,0
DNae004,descending_neuron,motor,357,357,0,0,0
DNae005,descending_neuron,motor,357,357,0,0,0
DNae006,descending_neuron,motor,357,357,0,0,0
DNae007,descending_neuron,motor,357,357,0,0,0
DNae008,descending_neuron,motor,357,357,0,0,0
DNae009,descending_neuron,motor,357,357,0,0,0
DNae010,descending_neuron,motor,357,357,0,0,0
DNb01,descending_neuron,motor,357,357,0,0,0
DNb02,descending_neuron,motor,357,357,0,0,0
DNb03,descending_neuron,motor,357,357,0,0,0
DNb04,descending_neuron,motor,357,357,0,0,0
DNb05,descending_neuron,motor,357,357,0,0,0
DNb06,descending_neuron,motor,357,357,0,0,0
DNb07,descending_neuron,motor,357,357,0,0,0
DNb08,descending_neuron,motor,357,357,0,0,0
DNb09,descending_neuron,motor,357,357,0,0,0
DNbe001,descending_neuron,motor,357,357,0,0,0
DNbe002,descending_neuron,motor,357,357,0,0,0
DNbe003,descending_neuron,motor,357,357,0,0,0
DNbe004,descending_neuron,motor,357,357,0,0,0
DNbe005,descending_neuron,motor,357,357,0,0,0
DNbe006,descending_neuron,motor,357,357,0,0,0
DNbe007,descending_neuron,motor,357,357,0,0,0
DNc01,descending_neuron,motor,357,357,0,0,0
DNc02,descending_neuron,motor,357,357,0,0,0
DNd02,descending_neuron,motor,357,357,0,0,0
DNd03,descending_neuron,motor,357,357,0,0,0
DNd04,descending_neuron,motor,357,357,0,0,0
DNd05,descending_neuron,motor,357,357,0,0,0
DNde001,descending_neuron,motor,357,357,0,0,0
DNde002,descending_neuron,motor,357,357,0,0,0
DNde003,descending_neuron,motor,357,357,0,0,0
DNde005,descending_neuron,motor,357,357,0,0,0
DNde006,descending_neuron,motor,357,357,0,0,0
DNde007,descending_neuron,motor,357,357,0,0,0
DNg01_a,descending_neuron,motor,357,357,0,0,0
DNg01_b,descending_neuron,motor,357,357,0,0,0
DNg01_c,descending_neuron,motor,357,357,0,0,0
DNg01_d,descending_neuron,motor,357,357,0,0,0
DNg01_unclear,descending_neuron,motor,357,357,0,0,0
DNg02_a,descending_neuron,motor,357,357,0,0,0
DNg02_b,descending_neuron,motor,357,357,0,0,0
DNg02_c,descending_neuron,motor,357,357,0,0,0
DNg02_d,descending_neuron,motor,357,357,0,0,0
DNg02_e,descending_neuron,motor,357,357,0,0,0
DNg02_f,descending_neuron,motor,357,357,0,0,0
DNg02_g,descending_neuron,motor,357,357,0,0,0
DNg03,descending_neuron,motor,357,357,0,0,0
DNg04,descending_neuron,motor,357,357,0,0,0
DNg05_a,descending_neuron,motor,357,357,0,0,0
DNg05_b,descending_neuron,motor,357,357,0,0,0
DNg05_c,descending_neuron,motor,357,357,0,0,0
DNg06,descending_neuron,motor,357,357,0,0,0
DNg07,descending_neuron,motor,357,357,0,0,0
DNg08,descending_neuron,motor,357,357,0,0,0
DNg09_a,descending_neuron,motor,357,357,0,0,0
DNg09_b,descending_neuron,motor,357,357,0,0,0
DNg10,descending_neuron,motor,357,357,0,0,0
DNg100,descending_neuron,motor,357,357,0,0,0
DNg101,descending_neuron,motor,357,357,0,0,0
DNg102,descending_neuron,motor,357,357,0,0,0
DNg103,descending_neuron,motor,357,357,0,0,0
DNg104,descending_neuron,motor,357,357,0,0,0
DNg105,descending_neuron,motor,357,357,0,0,0
DNg106,descending_neuron,motor,357,357,0,0,0
DNg107,descending_neuron,motor,357,357,0,0,0
DNg108,descending_neuron,motor,357,357,0,0,0
DNg109,descending_neuron,motor,357,357,0,0,0
DNg11,descending_neuron,motor,357,357,0,0,0
DNg110,descending_neuron,motor,357,357,0,0,0
DNg111,descending_neuron,motor,357,357,0,0,0
DNg12_a,descending_neuron,motor,357,357,0,0,0
DNg12_b,descending_neuron,motor,357,357,0,0,0
DNg12_c,descending_neuron,motor,357,357,0,0,0
DNg12_d,descending_neuron,motor,357,357,0,0,0
DNg12_e,descending_neuron,motor,357,357,0,0,0
DNg12_f,descending_neuron,motor,357,357,0,0,0
DNg12_g,descending_neuron,motor,357,357,0,0,0
DNg12_h,descending_neuron,motor,357,357,0,0,0
DNg13,descending_neuron,motor,357,357,0,0,0
DNg14,descending_neuron,motor,357,357,0,0,0
DNg15,descending_neuron,motor,357,357,0,0,0
DNg16,descending_neuron,motor,357,357,0,0,0
DNg17,descending_neuron,motor,357,357,0,0,0
DNg18_a,descending_neuron,motor,357,357,0,0,0
DNg18_b,descending_neuron,motor,357,357,0,0,0
DNg19,descending_neuron,motor,357,357,0,0,0
DNg20,descending_neuron,motor,357,357,0,0,0
DNg21,descending_neuron,motor,357,357,0,0,0
DNg22,descending_neuron,motor,357,357,0,0,0
DNg23,descending_neuron,motor,357,357,0,0,0
DNg24,descending_neuron,motor,357,357,0,0,0
DNg26,descending_neuron,motor,357,357,0,0,0
DNg27,descending_neuron,motor,357,357,0,0,0
DNg29,descending_neuron,motor,357,357,0,0,0
DNg30,descending_neuron,motor,357,357,0,0,0
DNg31,descending_neuron,motor,357,357,0,0,0
DNg32,descending_neuron,motor,357,357,0,0,0
DNg33,descending_neuron,motor,357,357,0,0,0
DNg34,descending_neuron,motor,357,357,0,0,0
DNg35,descending_neuron,motor,357,357,0,0,0
DNg36_a,descending_neuron,motor,357,357,0,0,0
DNg36_b,descending_neuron,motor,357,357,0,0,0
DNg37,descending_neuron,motor,357,357,0,0,0
DNg38,descending_neuron,motor,357,357,0,0,0
DNg39,descending_neuron,motor,357,357,0,0,0
DNg40,descending_neuron,motor,357,357,0,0,0
DNg41,descending_neuron,motor,357,357,0,0,0
DNg42,descending_neuron,motor,357,357,0,0,0
DNg43,descending_neuron,motor,357,357,0,0,0
DNg44,descending_neuron,motor,357,357,0,0,0
DNg45,descending_neuron,motor,357,357,0,0,0
DNg46,descending_neuron,motor,357,357,0,0,0
DNg47,descending_neuron,motor,357,357,0,0,0
DNg48,descending_neuron,motor,357,357,0,0,0
DNg49,descending_neuron,motor,357,357,0,0,0
DNg50,descending_neuron,motor,357,357,0,0,0
DNg51,descending_neuron,motor,357,357,0,0,0
DNg52,descending_neuron,motor,357,357,0,0,0
DNg53,descending_neuron,motor,357,357,0,0,0
DNg54,descending_neuron,motor,357,357,0,0,0
DNg55,descending_neuron,motor,357,357,0,0,0
DNg56,descending_neuron,motor,357,357,0,0,0
DNg57,descending_neuron,motor,357,357,0,0,0
DNg58,descending_neuron,motor,357,357,0,0,0
DNg59,descending_neuron,motor,357,357,0,0,0
DNg60,descending_neuron,motor,357,357,0,0,0
DNg61,descending_neuron,motor,357,357,0,0,0
DNg62,descending_neuron,motor,357,357,0,0,0
DNg63,descending_neuron,motor,357,357,0,0,0
DNg64,descending_neuron,motor,357,357,0,0,0
DNg65,descending_neuron,motor,357,357,0,0,0
DNg66,descending_neuron,motor,357,357,0,0,0
DNg67,descending_neuron,motor,357,357,0,0,0
DNg68,descending_neuron,motor,357,357,0,0,0
DNg69,descending_neuron,motor,357,357,0,0,0
DNg70,descending_neuron,motor,357,357,0,0,0
DNg71,descending_neuron,motor,357,357,0,0,0
DNg72,descending_neuron,motor,357,357,0,0,0
DNg73,descending_neuron,motor,357,357,0,0,0
DNg74_a,descending_neuron,motor,357,357,0,0,0
DNg74_b,descending_neuron,motor,357,357,0,0,0
DNg75,descending_neuron,motor,357,357,0,0,0
DNg76,descending_neuron,motor,357,357,0,0,0
DNg77,descending_neuron,motor,357,357,0,0,0
DNg78,descending_neuron,motor,357,357,0,0,0
DNg79,descending_neuron,motor,357,357,0,0,0
DNg80,descending_neuron,motor,357,357,0,0,0
DNg81,descending_neuron,motor,357,357,0,0,0
DNg82,descending_neuron,motor,357,357,0,0,0
DNg83,descending_neuron,motor,357,357,0,0,0
DNg84,descending_neuron,motor,357,357,0,0,0
DNg85,descending_neuron,motor,357,357,0,0,0
DNg86,descending_neuron,motor,357,357,0,0,0
DNg87,descending_neuron,motor,357,357,0,0,0
DNg88,descending_neuron,motor,357,357,0,0,0
DNg89,descending_neuron,motor,357,357,0,0,0
DNg90,descending_neuron,motor,357,357,0,0,0
DNg91,descending_neuron,motor,357,357,0,0,0
DNg92_a,descending_neuron,motor,357,357,0,0,0
DNg92_b,descending_neuron,motor,357,357,0,0,0
DNg93,descending_neuron,motor,357,357,0,0,0
DNg94,descending_neuron,motor,357,357,0,0,0
DNg95,descending_neuron,motor,357,357,0,0,0
DNg96,descending_neuron,motor,357,357,0,0,0
DNg97,descending_neuron,motor,357,357,0,0,0
DNg98,descending_neuron,motor,357,357,0,0,0
DNg99,descending_neuron,motor,357,357,0,0,0
DNge001,descending_neuron,motor,357,357,0,0,0
DNge002,descending_neuron,motor,357,357,0,0,0
DNge003,descending_neuron,motor,357,357,0,0,0
DNge004,descending_neuron,motor,357,357,0,0,0
DNge006,descending_neuron,motor,357,357,0,0,0
DNge007,descending_neuron,motor,357,357,0,0,0
DNge008,descending_neuron,motor,357,357,0,0,0
DNge009,descending_neuron,motor,357,357,0,0,0
DNge010,descending_neuron,motor,357,357,0,0,0
DNge011,descending_neuron,motor,357,357,0,0,0
DNge012,descending_neuron,motor,357,357,0,0,0
DNge013,descending_neuron,motor,357,357,0,0,0
DNge014,descending_neuron,motor,357,357,0,0,0
DNge015,descending_neuron,motor,357,357,0,0,0
DNge016,descending_neuron,motor,357,357,0,0,0
DNge017,descending_neuron,motor,357,357,0,0,0
DNge018,descending_neuron,motor,357,357,0,0,0
DNge019,descending_neuron,motor,357,357,0,0,0
DNge020,descending_neuron,motor,357,357,0,0,0
DNge021,descending_neuron,motor,357,357,0,0,0
DNge022,descending_neuron,motor,357,357,0,0,0
DNge023,descending_neuron,motor,357,357,0,0,0
DNge024,descending_neuron,motor,357,357,0,0,0
DNge025,descending_neuron,motor,357,357,0,0,0
DNge026,descending_neuron,motor,357,357,0,0,0
DNge027,descending_neuron,motor,357,357,0,0,0
DNge028,descending_neuron,motor,357,357,0,0,0
DNge029,descending_neuron,motor,357,357,0,0,0
DNge030,descending_neuron,motor,357,357,0,0,0
DNge031,descending_neuron,motor,357,357,0,0,0
DNge032,descending_neuron,motor,357,357,0,0,0
DNge033,descending_neuron,motor,357,357,0,0,0
DNge034,descending_neuron,motor,357,357,0,0,0
DNge035,descending_neuron,motor,357,357,0,0,0
DNge036,descending_neuron,motor,357,357,0,0,0
DNge037,descending_neuron,motor,357,357,0,0,0
DNge038,descending_neuron,motor,357,357,0,0,0
DNge039,descending_neuron,motor,357,357,0,0,0
DNge040,descending_neuron,motor,357,357,0,0,0
DNge041,descending_neuron,motor,357,357,0,0,0
DNge042,descending_neuron,motor,357,357,0,0,0
DNge043,descending_neuron,motor,357,357,0,0,0
DNge044,descending_neuron,motor,357,357,0,0,0
DNge045,descending_neuron,motor,357,357,0,0,0
DNge046,descending_neuron,motor,357,357,0,0,0
DNge047,descending_neuron,motor,357,357,0,0,0
DNge048,descending_neuron,motor,357,357,0,0,0
DNge049,descending_neuron,motor,357,357,0,0,0
DNge050,descending_neuron,motor,357,357,0,0,0
DNge051,descending_neuron,motor,357,357,0,0,0
DNge052,descending_neuron,motor,357,357,0,0,0
DNge053,descending_neuron,motor,357,357,0,0,0
DNge054,descending_neuron,motor,357,357,0,0,0
DNge055,descending_neuron,motor,357,357,0,0,0
DNge056,descending_neuron,motor,357,357,0,0,0
DNge057,descending_neuron,motor,357,357,0,0,0
DNge058,descending_neuron,motor,357,357,0,0,0
DNge059,descending_neuron,motor,357,357,0,0,0
DNge060,descending_neuron,motor,357,357,0,0,0
DNge061,descending_neuron,motor,357,357,0,0,0
DNge062,descending_neuron,motor,357,357,0,0,0
DNge063,descending_neuron,motor,357,357,0,0,0
DNge064,descending_neuron,motor,357,357,0,0,0
DNge065,descending_neuron,motor,357,357,0,0,0
DNge067,descending_neuron,motor,357,357,0,0,0
DNge068,descending_neuron,motor,357,357,0,0,0
DNge069,descending_neuron,motor,357,357,0,0,0
DNge070,descending_neuron,motor,357,357,0,0,0
DNge071,descending_neuron,motor,357,357,0,0,0
DNge072,descending_neuron,motor,357,357,0,0,0
DNge073,descending_neuron,motor,357,357,0,0,0
DNge074,descending_neuron,motor,357,357,0,0,0
DNge075,descending_neuron,motor,357,357,0,0,0
DNge076,descending_neuron,motor,357,357,0,0,0
DNge077,descending_neuron,motor,357,357,0,0,0
DNge078,descending_neuron,motor,357,357,0,0,0
DNge079,descending_neuron,motor,357,357,0,0,0
DNge080,descending_neuron,motor,357,357,0,0,0
DNge081,descending_neuron,motor,357,357,0,0,0
DNge082,descending_neuron,motor,357,357,0,0,0
DNge083,descending_neuron,motor,357,357,0,0,0
DNge084,descending_neuron,motor,357,357,0,0,0
DNge085,descending_neuron,motor,357,357,0,0,0
DNge086,descending_neuron,motor,357,357,0,0,0
DNge087,descending_neuron,motor,357,357,0,0,0
DNge088,descending_neuron,motor,357,357,0,0,0
DNge089,descending_neuron,motor,357,357,0,0,0
DNge090,descending_neuron,motor,357,357,0,0,0
DNge091,descending_neuron,motor,357,357,0,0,0
DNge092,descending_neuron,motor,357,357,0,0,0
DNge093,descending_neuron,motor,357,357,0,0,0
DNge094,descending_neuron,motor,357,357,0,0,0
DNge095,descending_neuron,motor,357,357,0,0,0
DNge096,descending_neuron,motor,357,357,0,0,0
DNge097,descending_neuron,motor,357,357,0,0,0
DNge098,descending_neuron,motor,357,357,0,0,0
DNge099,descending_neuron,motor,357,357,0,0,0
DNge100,descending_neuron,motor,357,357,0,0,0
DNge101,descending_neuron,motor,357,357,0,0,0
DNge102,descending_neuron,motor,357,357,0,0,0
DNge103,descending_neuron,motor,357,357,0,0,0
DNge104,descending_neuron,motor,357,357,0,0,0
DNge105,descending_neuron,motor,357,357,0,0,0
DNge106,descending_neuron,motor,357,357,0,0,0
DNge107,descending_neuron,motor,357,357,0,0,0
DNge108,descending_neuron,motor,357,357,0,0,0
DNge110,descending_neuron,motor,357,357,0,0,0
DNge111,descending_neuron,motor,357,357,0,0,0
DNge113,descending_neuron,motor,357,357,0,0,0
DNge114,descending_neuron,motor,357,357,0,0,0
DNge115,descending_neuron,motor,357,357,0,0,0
DNge116,descending_neuron,motor,357,357,0,0,0
DNge117,descending_neuron,motor,357,357,0,0,0
DNge119,descending_neuron,motor,357,357,0,0,0
DNge120,descending_neuron,motor,357,357,0,0,0
DNge121,descending_neuron,motor,357,357,0,0,0
DNge122,descending_neuron,motor,357,357,0,0,0
DNge123,descending_neuron,motor,357,357,0,0,0
DNge124,descending_neuron,motor,357,357,0,0,0
DNge125,descending_neuron,motor,357,357,0,0,0
DNge126,descending_neuron,motor,357,357,0,0,0
DNge127,descending_neuron,motor,357,357,0,0,0
DNge128,descending_neuron,motor,357,357,0,0,0
DNge129,descending_neuron,motor,357,357,0,0,0
DNge130,descending_neuron,motor,357,357,0,0,0
DNge131,descending_neuron,motor,357,357,0,0,0
DNge132,descending_neuron,motor,357,357,0,0,0
DNge133,descending_neuron,motor,357,357,0,0,0
DNge134,descending_neuron,motor,357,357,0,0,0
DNge135,descending_neuron,motor,357,357,0,0,0
DNge136,descending_neuron,motor,357,357,0,0,0
DNge137,descending_neuron,motor,357,357,0,0,0
DNge138,descending_neuron,motor,357,357,0,0,0
DNge139,descending_neuron,motor,357,357,0,0,0
DNge140,descending_neuron,motor,357,357,0,0,0
DNge141,descending_neuron,motor,357,357,0,0,0
DNge142,descending_neuron,motor,357,357,0,0,0
DNge143,descending_neuron,motor,357,357,0,0,0
DNge144,descending_neuron,motor,357,357,0,0,0
DNge145,descending_neuron,motor,357,357,0,0,0
DNge146,descending_neuron,motor,357,357,0,0,0
DNge147,descending_neuron,motor,357,357,0,0,0
DNge148,descending_neuron,motor,357,357,0,0,0
DNge149,descending_neuron,motor,357,357,0,0,0
DNge150,descending_neuron,motor,357,357,0,0,0
DNge151,descending_neuron,motor,357,357,0,0,0
DNge152,descending_neuron,motor,357,357,0,0,0
DNge153,descending_neuron,motor,357,357,0,0,0
DNge154,descending_neuron,motor,357,357,0,0,0
DNge172,descending_neuron,motor,357,357,0,0,0
DNge173,descending_neuron,motor,357,357,0,0,0
DNge174,descending_neuron,motor,357,357,0,0,0
DNge175,descending_neuron,motor,357,357,0,0,0
DNge176,descending_neuron,motor,357,357,0,0,0
DNge178,descending_neuron,motor,357,357,0,0,0
DNge179,descending_neuron,motor,357,357,0,0,0
DNge180,descending_neuron,motor,357,357,0,0,0
DNge181,descending_neuron,motor,357,357,0,0,0
DNge182,descending_neuron,motor,357,357,0,0,0
DNge183,descending_neuron,motor,357,357,0,0,0
DNge184,descending_neuron,motor,357,357,0,0,0
DNp01,descending_neuron,motor,357,357,0,0,0
DNp02,descending_neuron,motor,357,357,0,0,0
DNp03,descending_neuron,motor,357,357,0,0,0
DNp04,descending_neuron,motor,357,357,0,0,0
DNp05,descending_neuron,motor,357,357,0,0,0
DNp06,descending_neuron,motor,357,357,0,0,0
DNp07,descending_neuron,motor,357,357,0,0,0
DNp08,descending_neuron,motor,357,357,0,0,0
DNp09,descending_neuron,motor,357,357,0,0,0
DNp10,descending_neuron,motor,357,357,0,0,0
DNp101,descending_neuron,motor,357,357,0,0,0
DNp102,descending_neuron,motor,357,357,0,0,0
DNp103,descending_neuron,motor,357,357,0,0,0
DNp104,descending_neuron,motor,357,357,0,0,0
DNp11,descending_neuron,motor,357,357,0,0,0
DNp12,descending_neuron,motor,357,357,0,0,0
DNp13,descending_neuron,motor,357,357,0,0,0
DNp14,descending_neuron,motor,357,357,0,0,0
DNp15,descending_neuron,motor,357,357,0,0,0
DNp16_a,descending_neuron,motor,357,357,0,0,0
DNp16_b,descending_neuron,motor,357,357,0,0,0
DNp17,descending_neuron,motor,357,357,0,0,0
DNp18,descending_neuron,motor,357,357,0,0,0
DNp19,descending_neuron,motor,357,357,0,0,0
DNp20,descending_neuron,motor,357,357,0,0,0
DNp21,descending_neuron,motor,357,357,0,0,0
DNp22,descending_neuron,motor,357,357,0,0,0
DNp23,descending_neuron,motor,357,357,0,0,0
DNp24,descending_neuron,motor,357,357,0,0,0
DNp25,descending_neuron,motor,357,357,0,0,0
DNp26,descending_neuron,motor,357,357,0,0,0
DNp27,descending_neuron,motor,357,357,0,0,0
DNp28,descending_neuron,motor,357,357,0,0,0
DNp29,descending_neuron,motor,357,357,0,0,0
DNp30,descending_neuron,motor,357,357,0,0,0
DNp31,descending_neuron,motor,357,357,0,0,0
DNp32,descending_neuron,motor,357,357,0,0,0
DNp33,descending_neuron,motor,357,357,0,0,0
DNp34,descending_neuron,motor,357,357,0,0,0
DNp35,descending_neuron,motor,357,357,0,0,0
DNp36,descending_neuron,motor,357,357,0,0,0
DNp38,descending_neuron,motor,357,357,0,0,0
DNp39,descending_neuron,motor,357,357,0,0,0
DNp41,descending_neuron,motor,357,357,0,0,0
DNp42,descending_neuron,motor,357,357,0,0,0
DNp43,descending_neuron,motor,357,357,0,0,0
DNp44,descending_neuron,motor,357,357,0,0,0
DNp45,descending_neuron,motor,357,357,0,0,0
DNp46,descending_neuron,motor,357,357,0,0,0
DNp47,descending_neuron,motor,357,357,0,0,0
DNp48,descending_neuron,motor,357,357,0,0,0
DNp49,descending_neuron,motor,357,357,0,0,0
"DNp51,DNpe019",descending_neuron,motor,357,357,0,0,0
DNp52,descending_neuron,motor,357,357,0,0,0
DNp53,descending_neuron,motor,357,357,0,0,0
DNp54,descending_neuron,motor,357,357,0,0,0
DNp55,descending_neuron,motor,357,357,0,0,0
DNp56,descending_neuron,motor,357,357,0,0,0
DNp57,descending_neuron,motor,357,357,0,0,0
DNp58,descending_neuron,motor,357,357,0,0,0
DNp59,descending_neuron,motor,357,357,0,0,0
DNp60,descending_neuron,motor,357,357,0,0,0
DNp62,descending_neuron,motor,357,357,0,0,0
DNp63,descending_neuron,motor,357,357,0,0,0
DNp64,descending_neuron,motor,357,357,0,0,0
DNp65,descending_neuron,motor,357,357,0,0,0
DNp66,descending_neuron,motor,357,357,0,0,0
DNp67,descending_neuron,motor,357,357,0,0,0
DNp68,descending_neuron,motor,357,357,0,0,0
DNp69,descending_neuron,motor,357,357,0,0,0
DNp70,descending_neuron,motor,357,357,0,0,0
DNp71,descending_neuron,motor,357,357,0,0,0
DNp72,descending_neuron,motor,357,357,0,0,0
DNp73,descending_neuron,motor,357,357,0,0,0
DNpe001,descending_neuron,motor,357,357,0,0,0
DNpe002,descending_neuron,motor,357,357,0,0,0
DNpe003,descending_neuron,motor,357,357,0,0,0
DNpe004,descending_neuron,motor,357,357,0,0,0
DNpe005,descending_neuron,motor,357,357,0,0,0
DNpe006,descending_neuron,motor,357,357,0,0,0
DNpe007,descending_neuron,motor,357,357,0,0,0
DNpe008,descending_neuron,motor,357,357,0,0,0
DNpe009,descending_neuron,motor,357,357,0,0,0
DNpe010,descending_neuron,motor,357,357,0,0,0
DNpe011,descending_neuron,motor,357,357,0,0,0
DNpe012_a,descending_neuron,motor,357,357,0,0,0
DNpe012_b,descending_neuron,motor,357,357,0,0,0
DNpe013,descending_neuron,motor,357,357,0,0,0
DNpe014,descending_neuron,motor,357,357,0,0,0
DNpe015,descending_neuron,motor,357,357,0,0,0
DNpe016,descending_neuron,motor,357,357,0,0,0
DNpe017,descending_neuron,motor,357,357,0,0,0
DNpe018,descending_neuron,motor,357,357,0,0,0
DNpe020,descending_neuron,motor,357,357,0,0,0
DNpe021,descending_neuron,motor,357,357,0,0,0
DNpe022,descending_neuron,motor,357,357,0,0,0
DNpe023,descending_neuron,motor,357,357,0,0,0
DNpe024,descending_neuron,motor,357,357,0,0,0
DNpe025,descending_neuron,motor,357,357,0,0,0
DNpe026,descending_neuron,motor,357,357,0,0,0
DNpe027,descending_neuron,motor,357,357,0,0,0
DNpe028,descending_neuron,motor,357,357,0,0,0
DNpe029,descending_neuron,motor,357,357,0,0,0
DNpe030,descending_neuron,motor,357,357,0,0,0
DNpe031,descending_neuron,motor,357,357,0,0,0
DNpe032,descending_neuron,motor,357,357,0,0,0
DNpe033,descending_neuron,motor,357,357,0,0,0
DNpe034,descending_neuron,motor,357,357,0,0,0
DNpe035,descending_neuron,motor,357,357,0,0,0
DNpe036,descending_neuron,motor,357,357,0,0,0
DNpe037,descending_neuron,motor,357,357,0,0,0
DNpe039,descending_neuron,motor,357,357,0,0,0
DNpe040,descending_neuron,motor,357,357,0,0,0
DNpe041,descending_neuron,motor,357,357,0,0,0
DNpe042,descending_neuron,motor,357,357,0,0,0
DNpe043,descending_neuron,motor,357,357,0,0,0
DNpe045,descending_neuron,motor,357,357,0,0,0
DNpe048,descending_neuron,motor,357,357,0,0,0
DNpe049,descending_neuron,motor,357,357,0,0,0
DNpe050,descending_neuron,motor,357,357,0,0,0
DNpe052,descending_neuron,motor,357,357,0,0,0
DNpe053,descending_neuron,motor,357,357,0,0,0
DNpe054,descending_neuron,motor,357,357,0,0,0
DNpe055,descending_neuron,motor,357,357,0,0,0
DNpe056,descending_neuron,motor,357,357,0,0,0
DNpe057,descending_neuron,motor,357,357,0,0,0
DNxl114,descending_neuron,motor,357,357,0,0,0
DVMn 1a-c,vnc_motor,motor,357,357,0,0,0
"DVMn 2a, b",vnc_motor,motor,357,357,0,0,0
"DVMn 3a, b",vnc_motor,motor,357,357,0,0,0
FNM2,vnc_motor,motor,357,357,0,0,0
Fe reductor MN,vnc_motor,motor,357,357,0,0,0
GNG133,cb_motor,motor,357,357,0,0,0
GNG276,cb_motor,motor,357,357,0,0,0
GNG283,cb_motor,motor,357,357,0,0,0
GNG314,cb_motor,motor,357,357,0,0,0
GNG641,cb_motor,motor,357,357,0,0,0
GNG647,cb_motor,motor,357,357,0,0,0
GNG648,cb_motor,motor,357,357,0,0,0
GNG649,cb_motor,motor,357,357,0,0,0
GNG650,cb_motor,motor,357,357,0,0,0
GNG651,cb_motor,motor,357,357,0,0,0
GNG652,cb_motor,motor,357,357,0,0,0
GNG653,cb_motor,motor,357,357,0,0,0
GNG668,cb_motor,motor,357,357,0,0,0
MDN,descending_neuron,motor,357,357,0,0,0
MN1,cb_motor,motor,357,357,0,0,0
MN10,cb_motor,motor,357,357,0,0,0
MN11D,cb_motor,motor,357,357,0,0,0
MN11V,cb_motor,motor,357,357,0,0,0
MN12D,cb_motor,motor,357,357,0,0,0
MN13,cb_motor,motor,357,357,0,0,0
MN2Da,cb_motor,motor,357,357,0,0,0
MN2Db,cb_motor,motor,357,357,0,0,0
MN2V,cb_motor,motor,357,357,0,0,0
MN3L,cb_motor,motor,357,357,0,0,0
MN3M,cb_motor,motor,357,357,0,0,0
MN4a,cb_motor,motor,357,357,0,0,0
MN4b,cb_motor,motor,357,357,0,0,0
MN5,cb_motor,motor,357,357,0,0,0
MN6,cb_motor,motor,357,357,0,0,0
MN7,cb_motor,motor,357,357,0,0,0
MN8,cb_motor,motor,357,357,0,0,0
MN9,cb_motor,motor,357,357,0,0,0
MNad01,vnc_motor,motor,357,357,0,0,0
MNad02,vnc_motor,motor,357,357,0,0,0
MNad03,vnc_motor,motor,357,357,0,0,0
"MNad04,MNad48",vnc_motor,motor,357,357,0,0,0
MNad05,vnc_motor,motor,357,357,0,0,0
MNad06,vnc_motor,motor,357,357,0,0,0
MNad07,vnc_motor,motor,357,357,0,0,0
MNad08,vnc_motor,motor,357,357,0,0,0
MNad09,vnc_motor,motor,357,357,0,0,0
MNad10,vnc_motor,motor,357,357,0,0,0
MNad11,vnc_motor,motor,357,357,0,0,0
MNad12,vnc_motor,motor,357,357,0,0,0
MNad14,vnc_motor,motor,357,357,0,0,0
MNad15,vnc_motor,motor,357,357,0,0,0
MNad16,vnc_motor,motor,357,357,0,0,0
MNad17,vnc_motor,motor,357,357,0,0,0
"MNad18,MNad27",vnc_motor,motor,357,357,0,0,0
MNad19,vnc_motor,motor,357,357,0,0,0
MNad20,vnc_motor,motor,357,357,0,0,0
MNad21,vnc_motor,motor,357,357,0,0,0
MNad22,vnc_motor,motor,357,357,0,0,0
MNad23,vnc_motor,motor,357,357,0,0,0
MNad24,vnc_motor,motor,357,357,0,0,0
MNad25,vnc_motor,motor,357,357,0,0,0
MNad26,vnc_motor,motor,357,357,0,0,0
MNad28,vnc_motor,motor,357,357,0,0,0
MNad29,vnc_motor,motor,357,357,0,0,0
MNad30,vnc_motor,motor,357,357,0,0,0
MNad31,vnc_motor,motor,357,357,0,0,0
MNad32,vnc_motor,motor,357,357,0,0,0
MNad33,vnc_motor,motor,357,357,0,0,0
MNad34,vnc_motor,motor,357,357,0,0,0
MNad35,vnc_motor,motor,357,357,0,0,0
MNad36,vnc_motor,motor,357,357,0,0,0
MNad40,vnc_motor,motor,357,357,0,0,0
MNad41,vnc_motor,motor,357,357,0,0,0
MNad42,vnc_motor,motor,357,357,0,0,0
MNad43,vnc_motor,motor,357,357,0,0,0
MNad44,vnc_motor,motor,357,357,0,0,0
MNad45,vnc_motor,motor,357,357,0,0,0
MNad46,vnc_motor,motor,357,357,0,0,0
MNad47,vnc_motor,motor,357,357,0,0,0
MNad49,vnc_motor,motor,357,357,0,0,0
MNad50,vnc_motor,motor,357,357,0,0,0
MNad53,vnc_motor,motor,357,357,0,0,0
MNad54,vnc_motor,motor,357,357,0,0,0
MNad55,vnc_motor,motor,357,357,0,0,0
MNad56,vnc_motor,motor,357,357,0,0,0
MNad57,vnc_motor,motor,357,357,0,0,0
MNad61,vnc_motor,motor,357,357,0,0,0
MNad62,vnc_motor,motor,357,357,0,0,0
MNad63,vnc_motor,motor,357,357,0,0,0
MNad64,vnc_motor,motor,357,357,0,0,0
MNad65,vnc_motor,motor,357,357,0,0,0
MNad66,vnc_motor,motor,357,357,0,0,0
MNad67,vnc_motor,motor,357,357,0,0,0
MNad68,vnc_motor,motor,357,357,0,0,0
MNad69,vnc_motor,motor,357,357,0,0,0
MNhl01,vnc_motor,motor,357,357,0,0,0
MNhl02,vnc_motor,motor,357,357,0,0,0
MNhl29,vnc_motor,motor,357,357,0,0,0
MNhl59,vnc_motor,motor,357,357,0,0,0
MNhl60,vnc_motor,motor,357,357,0,0,0
MNhl62,vnc_motor,motor,357,357,0,0,0
MNhl64,vnc_motor,motor,357,357,0,0,0
MNhl65,vnc_motor,motor,357,357,0,0,0
MNhl87,vnc_motor,motor,357,357,0,0,0
MNhl88,vnc_motor,motor,357,357,0,0,0
MNhm03,vnc_motor,motor,357,357,0,0,0
MNhm42,vnc_motor,motor,357,357,0,0,0
MNhm43,vnc_motor,motor,357,357,0,0,0
MNml29,vnc_motor,motor,357,357,0,0,0
MNml76,vnc_motor,motor,357,357,0,0,0
MNml77,vnc_motor,motor,357,357,0,0,0
MNml78,vnc_motor,motor,357,357,0,0,0
MNml79,vnc_motor,motor,357,357,0,0,0
MNml80,vnc_motor,motor,357,357,0,0,0
MNml81,vnc_motor,motor,357,357,0,0,0
MNml82,vnc_motor,motor,357,357,0,0,0
MNml83,vnc_motor,motor,357,357,0,0,0
MNnm03,vnc_motor,motor,357,357,0,0,0
"MNnm07,MNnm12",vnc_motor,motor,357,357,0,0,0
MNnm08,vnc_motor,motor,357,357,0,0,0
MNnm09,vnc_motor,motor,357,357,0,0,0
MNnm10,vnc_motor,motor,357,357,0,0,0
MNnm11,vnc_motor,motor,357,357,0,0,0
MNnm13,vnc_motor,motor,357,357,0,0,0
MNnm14,vnc_motor,motor,357,357,0,0,0
MNwm35,vnc_motor,motor,357,357,0,0,0
MNwm36,vnc_motor,motor,357,357,0,0,0
MNx01,cb_motor,motor,357,357,0,0,0
MNx02,cb_motor,motor,357,357,0,0,0
MNx03,cb_motor,motor,357,357,0,0,0
MNx04,cb_motor,motor,357,357,0,0,0
MNx05,cb_motor,motor,357,357,0,0,0
MNxm01,vnc_motor,motor,357,357,0,0,0
MNxm02,vnc_motor,motor,357,357,0,0,0
MNxm03,vnc_motor,motor,357,357,0,0,0
PS348,cb_motor,motor,357,357,0,0,0
PS349,cb_motor,motor,357,357,0,0,0
Pleural remotor/abductor MN,vnc_motor,motor,357,357,0,0,0
STTMm,vnc_motor,motor,357,357,0,0,0
Sternal adductor MN,vnc_motor,motor,357,357,0,0,0
Sternal anterior rotator MN,vnc_motor,motor,357,357,0,0,0
Sternal posterior rotator MN,vnc_motor,motor,357,357,0,0,0
Sternotrochanter MN,vnc_motor,motor,357,357,0,0,0
TTMn,vnc_motor,motor,357,357,0,0,0
Ta depressor MN,vnc_motor,motor,357,357,0,0,0
Ta levator MN,vnc_motor,motor,357,357,0,0,0
Tergopleural/Pleural promotor MN,vnc_motor,motor,357,357,0,0,0
Tergotr. MN,vnc_motor,motor,357,357,0,0,0
Ti extensor MN,vnc_motor,motor,357,357,0,0,0
Ti flexor MN,vnc_motor,motor,357,357,0,0,0
Tr extensor MN,vnc_motor,motor,357,357,0,0,0
Tr flexor MN,vnc_motor,motor,357,357,0,0,0
aSP22,descending_neuron,motor,357,357,0,0,0
b1 MN,vnc_motor,motor,357,357,0,0,0
b2 MN,vnc_motor,motor,357,357,0,0,0
b3 MN,vnc_motor,motor,357,357,0,0,0
hDVM MN,vnc_motor,motor,357,357,0,0,0
hg1 MN,vnc_motor,motor,357,357,0,0,0
hg2 MN,vnc_motor,motor,357,357,0,0,0
hg3 MN,vnc_motor,motor,357,357,0,0,0
hg4 MN,vnc_motor,motor,357,357,0,0,0
hi1 MN,vnc_motor,motor,357,357,0,0,0
hi2 MN,vnc_motor,motor,357,357,0,0,0
hiii2 MN,vnc_motor,motor,357,357,0,0,0
i1 MN,vnc_motor,motor,357,357,0,0,0
i2 MN,vnc_motor,motor,357,357,0,0,0
iii1 MN,vnc_motor,motor,357,357,0,0,0
iii3 MN,vnc_motor,motor,357,357,0,0,0
ltm MN,vnc_motor,motor,357,357,0,0,0
ltm1-tibia MN,vnc_motor,motor,357,357,0,0,0
ltm2-femur MN,vnc_motor,motor,357,357,0,0,0
pIP1,descending_neuron,motor,357,357,0,0,0
pIP10,descending_neuron,motor,357,357,0,0,0
pMP2,descending_neuron,motor,357,357,0,0,0
ps1 MN,vnc_motor,motor,357,357,0,0,0
ps2 MN,vnc_motor,motor,357,357,0,0,0
tp1 MN,vnc_motor,motor,357,357,0,0,0
tp2 MN,vnc_motor,motor,357,357,0,0,0
tpn MN,vnc_motor,motor,357,357,0,0,0
