strategy,trial,batch,fraction_removed,flow,reachable_pairs,avalanche
betweenness,0,0,0,10647,237405,
betweenness,0,1,0.0100417,10031,223728,0
betweenness,0,2,0.0199983,9688,209547,0
betweenness,0,3,0.0298698,9385,195091,0
betweenness,0,4,0.0395711,8560,180600,0
betweenness,0,5,0.0491873,7754,166067,0
betweenness,0,6,0.0587184,7145,154700,0
betweenness,0,7,0.0681644,6585,145520,1
betweenness,0,8,0.0775253,6009,134244,0
betweenness,0,9,0.0868011,5515,123950,0
betweenness,0,10,0.0959918,5029,114540,1
betweenness,0,11,0.105097,4674,106267,0
betweenness,0,12,0.114118,4254,98072,0
betweenness,0,13,0.123053,3956,92541,0
betweenness,0,14,0.131904,3701,87725,1
betweenness,0,15,0.140669,3534,84197,0
betweenness,0,16,0.149264,3390,81793,1
betweenness,0,17,0.157774,3275,56832,0
betweenness,0,18,0.166199,3183,56110,1
betweenness,0,19,0.174538,3107,55443,1
betweenness,0,20,0.182793,2984,53451,1
betweenness,0,21,0.191048,2858,50840,0
betweenness,0,22,0.199217,2755,49810,0
betweenness,0,23,0.207302,2676,49344,4
betweenness,0,24,0.215301,2590,46470,12
betweenness,0,25,0.223215,2455,43915,3
betweenness,0,26,0.231044,2338,36648,4
betweenness,0,27,0.238788,2305,36520,1
betweenness,0,28,0.246447,2256,35382,0
betweenness,0,29,0.254021,2241,35067,0
betweenness,0,30,0.26151,2197,33453,1
betweenness,0,31,0.268913,2193,26100,0
betweenness,0,32,0.276232,2191,26100,2
betweenness,0,33,0.28355,2186,26073,1
betweenness,0,34,0.290784,2170,25937,0
betweenness,0,35,0.297932,2166,25776,1
betweenness,0,36,0.304995,2153,25245,0
betweenness,0,37,0.311973,2144,25188,2
betweenness,0,38,0.318866,2132,25188,0
betweenness,0,39,0.32576,2130,25131,0
betweenness,0,40,0.332567,2129,25017,0
betweenness,0,41,0.33929,2129,25017,0
betweenness,0,42,0.345928,2129,25017,0
betweenness,0,43,0.352481,2128,24949,0
betweenness,0,44,0.359033,2058,24422,5
betweenness,0,45,0.365501,1987,24420,0
betweenness,0,46,0.371883,1951,24205,4
betweenness,0,47,0.378181,1909,22598,1
betweenness,0,48,0.384478,1879,22121,5
betweenness,0,49,0.39069,1829,21940,1
betweenness,0,50,0.396817,1767,21736,3
betweenness,0,51,0.402859,1715,21532,6
betweenness,0,52,0.408901,1626,20311,5
betweenness,0,53,0.414858,1557,19056,17
betweenness,0,54,0.42073,1479,19001,4
betweenness,0,55,0.426602,1399,17799,6
betweenness,0,56,0.432389,1326,17449,3
betweenness,0,57,0.43809,1226,16049,1
betweenness,0,58,0.443792,1132,15075,3
betweenness,0,59,0.449409,1054,14731,10
betweenness,0,60,0.45494,1004,13227,10
betweenness,0,61,0.460471,935,13130,10
betweenness,0,62,0.465918,933,12993,2
betweenness,0,63,0.471279,908,12134,17
betweenness,0,64,0.47664,901,12111,6
betweenness,0,65,0.481916,895,11625,15
betweenness,0,66,0.487107,885,11196,19
betweenness,0,67,0.492299,878,11109,112
betweenness,0,68,0.497404,871,10947,182
betweenness,0,69,0.50251,850,10292,38
sm_betweenness,0,0,0,10647,237405,
sm_betweenness,0,1,0.0100417,9789,228620,0
sm_betweenness,0,2,0.0199983,8409,218892,0
sm_betweenness,0,3,0.0298698,7756,207468,0
sm_betweenness,0,4,0.0395711,7386,196803,0
sm_betweenness,0,5,0.0491873,7030,187044,0
sm_betweenness,0,6,0.0587184,6700,181204,0
sm_betweenness,0,7,0.0681644,6313,171920,0
sm_betweenness,0,8,0.0775253,5949,167015,0
sm_betweenness,0,9,0.0868011,5617,160046,0
sm_betweenness,0,10,0.0959918,5326,154120,0
sm_betweenness,0,11,0.105097,5101,149868,0
sm_betweenness,0,12,0.114118,4910,143144,0
sm_betweenness,0,13,0.123053,4754,125938,0
sm_betweenness,0,14,0.131904,4417,113500,0
sm_betweenness,0,15,0.140669,4103,103750,1
sm_betweenness,0,16,0.149264,3785,93363,10
sm_betweenness,0,17,0.157774,3484,89792,1
sm_betweenness,0,18,0.166199,3212,81043,1
sm_betweenness,0,19,0.174538,2837,78344,1
sm_betweenness,0,20,0.182793,2717,73131,1
sm_betweenness,0,21,0.191048,2585,69834,1
sm_betweenness,0,22,0.199217,2452,37671,2
sm_betweenness,0,23,0.207302,2167,33993,0
sm_betweenness,0,24,0.215301,1916,31054,0
sm_betweenness,0,25,0.223215,1706,25534,3
sm_betweenness,0,26,0.231044,1611,18483,0
sm_betweenness,0,27,0.238788,1446,14381,1
sm_betweenness,0,28,0.246447,1334,11290,4
sm_betweenness,0,29,0.254021,1104,7933,12
sm_betweenness,0,30,0.26151,956,5680,2
sm_betweenness,0,31,0.268913,863,4835,3
sm_betweenness,0,32,0.276232,775,3586,8
sm_betweenness,0,33,0.28355,706,2781,0
sm_betweenness,0,34,0.290784,632,1999,8
sm_betweenness,0,35,0.297932,426,1557,6
sm_betweenness,0,36,0.304995,356,1240,4
sm_betweenness,0,37,0.311973,273,756,6046
sm_betweenness,0,38,0.318866,219,539,82
sm_betweenness,0,39,0.32576,179,474,43
sm_betweenness,0,40,0.332567,159,263,35
sm_betweenness,0,41,0.33929,104,130,124
sm_betweenness,0,42,0.345928,54,73,168
sm_betweenness,0,43,0.352481,30,30,311
sm_betweenness,0,44,0.359033,28,27,2
sm_betweenness,0,45,0.365501,28,27,1
sm_betweenness,0,46,0.371883,28,27,1
sm_betweenness,0,47,0.378181,28,27,2
sm_betweenness,0,48,0.384478,28,27,1
sm_betweenness,0,49,0.39069,28,27,3
sm_betweenness,0,50,0.396817,28,27,0
sm_betweenness,0,51,0.402859,28,27,3
sm_betweenness,0,52,0.408901,28,27,0
sm_betweenness,0,53,0.414858,28,27,0
sm_betweenness,0,54,0.42073,26,25,2
sm_betweenness,0,55,0.426602,25,24,0
sm_betweenness,0,56,0.432389,25,24,0
sm_betweenness,0,57,0.43809,25,24,1
sm_betweenness,0,58,0.443792,23,22,1
sm_betweenness,0,59,0.449409,23,22,0
sm_betweenness,0,60,0.45494,23,22,7
sm_betweenness,0,61,0.460471,23,22,0
sm_betweenness,0,62,0.465918,23,22,0
sm_betweenness,0,63,0.471279,23,22,4
sm_betweenness,0,64,0.47664,23,22,4
sm_betweenness,0,65,0.481916,22,21,2
sm_betweenness,0,66,0.487107,22,21,0
sm_betweenness,0,67,0.492299,22,21,6
sm_betweenness,0,68,0.497404,22,21,1
sm_betweenness,0,69,0.50251,22,21,0
pagerank,0,0,0,10647,237405,
pagerank,0,1,0.0100417,10453,222585,0
pagerank,0,2,0.0199983,10099,212355,0
pagerank,0,3,0.0298698,9815,201825,0
pagerank,0,4,0.0395711,9643,192665,0
pagerank,0,5,0.0491873,9219,182317,0
pagerank,0,6,0.0587184,8702,173530,0
pagerank,0,7,0.0681644,8403,168002,0
pagerank,0,8,0.0775253,8107,163836,0
pagerank,0,9,0.0868011,7847,159507,0
pagerank,0,10,0.0959918,7513,153716,1
pagerank,0,11,0.105097,7256,150396,0
pagerank,0,12,0.114118,6878,143756,0
pagerank,0,13,0.123053,6629,140436,0
pagerank,0,14,0.131904,6499,139440,0
pagerank,0,15,0.140669,6383,137365,0
pagerank,0,16,0.149264,6258,135379,1
pagerank,0,17,0.157774,6032,131600,0
pagerank,0,18,0.166199,5846,127920,1
pagerank,0,19,0.174538,5659,125296,0
pagerank,0,20,0.182793,5453,122672,0
pagerank,0,21,0.191048,5224,119064,1
pagerank,0,22,0.199217,4970,115128,0
pagerank,0,23,0.207302,4727,110526,0
pagerank,0,24,0.215301,4491,106602,0
pagerank,0,25,0.223215,4338,103668,1
pagerank,0,26,0.231044,4202,101712,0
pagerank,0,27,0.238788,4052,99430,0
pagerank,0,28,0.246447,3944,97500,0
pagerank,0,29,0.254021,3797,94608,4
pagerank,0,30,0.26151,3683,92664,0
pagerank,0,31,0.268913,3574,91409,1
pagerank,0,32,0.276232,3415,88825,0
pagerank,0,33,0.28355,3301,86618,0
pagerank,0,34,0.290784,3239,85652,0
pagerank,0,35,0.297932,3148,84744,0
pagerank,0,36,0.304995,3059,82818,0
pagerank,0,37,0.311973,2969,80892,0
pagerank,0,38,0.318866,2891,80250,0
pagerank,0,39,0.32576,2808,78966,0
pagerank,0,40,0.332567,2717,77040,1
pagerank,0,41,0.33929,2639,75284,0
pagerank,0,42,0.345928,2617,74965,0
pagerank,0,43,0.352481,2597,74646,1
pagerank,0,44,0.359033,2558,73689,1
pagerank,0,45,0.365501,2459,71550,0
pagerank,0,46,0.371883,2398,70152,0
pagerank,0,47,0.378181,2359,69520,0
pagerank,0,48,0.384478,2267,67725,0
pagerank,0,49,0.39069,2205,67095,0
pagerank,0,50,0.396817,2185,67095,1
pagerank,0,51,0.402859,2137,65940,0
pagerank,0,52,0.408901,2078,64056,8
pagerank,0,53,0.414858,2052,63428,0
pagerank,0,54,0.42073,2023,63114,1
pagerank,0,55,0.426602,1948,61035,1
pagerank,0,56,0.432389,1867,58900,0
pagerank,0,57,0.43809,1824,58590,1
pagerank,0,58,0.443792,1783,57660,0
pagerank,0,59,0.449409,1766,57660,1
pagerank,0,60,0.45494,1740,57165,0
pagerank,0,61,0.460471,1720,57165,2
pagerank,0,62,0.465918,1677,55929,3
pagerank,0,63,0.471279,1641,54774,0
pagerank,0,64,0.47664,1584,53631,0
pagerank,0,65,0.481916,1569,53631,0
pagerank,0,66,0.487107,1499,51772,0
pagerank,0,67,0.492299,1454,50700,1
pagerank,0,68,0.497404,1431,49800,0
pagerank,0,69,0.50251,1409,49500,3
out_strength,0,0,0,10647,237405,
out_strength,0,1,0.0100417,10237,234080,1
out_strength,0,2,0.0199983,7363,211152,7
out_strength,0,3,0.0298698,6287,197276,4
out_strength,0,4,0.0395711,5445,181332,2
out_strength,0,5,0.0491873,4686,166793,10
out_strength,0,6,0.0587184,4218,155364,2
out_strength,0,7,0.0681644,4014,150654,5
out_strength,0,8,0.0775253,3701,143520,10
out_strength,0,9,0.0868011,3550,138825,1
out_strength,0,10,0.0959918,3273,129983,2
out_strength,0,11,0.105097,3081,125457,5
out_strength,0,12,0.114118,2991,120593,14
out_strength,0,13,0.123053,2822,115464,8
out_strength,0,14,0.131904,2660,109926,6
out_strength,0,15,0.140669,2412,103740,6
out_strength,0,16,0.149264,2253,99360,0
out_strength,0,17,0.157774,2192,97006,3
out_strength,0,18,0.166199,2116,93094,6
out_strength,0,19,0.174538,1986,88749,3
out_strength,0,20,0.182793,1867,85170,4
out_strength,0,21,0.191048,1763,81510,3
out_strength,0,22,0.199217,1658,78570,4
out_strength,0,23,0.207302,1584,76320,12
out_strength,0,24,0.215301,1562,74880,5
out_strength,0,25,0.223215,1491,72996,8
out_strength,0,26,0.231044,1429,71292,9
out_strength,0,27,0.238788,1325,67500,5
out_strength,0,28,0.246447,1299,65564,2
out_strength,0,29,0.254021,1280,64092,0
out_strength,0,30,0.26151,1212,60501,7
out_strength,0,31,0.268913,1183,59368,5
out_strength,0,32,0.276232,1156,57693,3
out_strength,0,33,0.28355,1147,56581,8
out_strength,0,34,0.290784,1110,54808,5
out_strength,0,35,0.297932,1033,53198,12
out_strength,0,36,0.304995,1019,52523,4
out_strength,0,37,0.311973,983,51732,16
out_strength,0,38,0.318866,959,50814,19
out_strength,0,39,0.32576,927,49264,8
out_strength,0,40,0.332567,903,48368,6
out_strength,0,41,0.33929,889,47718,11
out_strength,0,42,0.345928,865,47093,9
out_strength,0,43,0.352481,852,46577,7
out_strength,0,44,0.359033,801,45093,8
out_strength,0,45,0.365501,774,43883,22
out_strength,0,46,0.371883,752,43284,15
out_strength,0,47,0.378181,732,42443,10
out_strength,0,48,0.384478,694,41390,16
out_strength,0,49,0.39069,649,39656,14
out_strength,0,50,0.396817,634,38618,7
out_strength,0,51,0.402859,599,37268,37
out_strength,0,52,0.408901,551,35848,10
out_strength,0,53,0.414858,530,34878,25
out_strength,0,54,0.42073,507,34125,11
out_strength,0,55,0.426602,479,32762,22
out_strength,0,56,0.432389,461,31211,24
out_strength,0,57,0.43809,426,30102,14
out_strength,0,58,0.443792,416,29108,41
out_strength,0,59,0.449409,406,28422,33
out_strength,0,60,0.45494,389,27074,20
out_strength,0,61,0.460471,375,26507,14
out_strength,0,62,0.465918,368,25758,19
out_strength,0,63,0.471279,348,24106,33
out_strength,0,64,0.47664,337,23571,19
out_strength,0,65,0.481916,330,22787,23
out_strength,0,66,0.487107,324,22342,38
out_strength,0,67,0.492299,313,21653,34
out_strength,0,68,0.497404,300,20905,30
out_strength,0,69,0.50251,285,20000,25
in_strength,0,0,0,10647,237405,
in_strength,0,1,0.0100417,10611,237405,7
in_strength,0,2,0.0199983,10212,232824,0
in_strength,0,3,0.0298698,9865,220625,6
in_strength,0,4,0.0395711,9240,206850,3
in_strength,0,5,0.0491873,8774,198360,1
in_strength,0,6,0.0587184,8420,189115,0
in_strength,0,7,0.0681644,8087,184257,3
in_strength,0,8,0.0775253,7742,175422,0
in_strength,0,9,0.0868011,7205,166355,0
in_strength,0,10,0.0959918,6850,162239,1
in_strength,0,11,0.105097,6429,157094,1
in_strength,0,12,0.114118,6121,152874,7
in_strength,0,13,0.123053,5767,146540,2
in_strength,0,14,0.131904,5455,142380,3
in_strength,0,15,0.140669,5286,141024,3
in_strength,0,16,0.149264,5107,138990,1
in_strength,0,17,0.157774,4837,135261,0
in_strength,0,18,0.166199,4674,132441,1
in_strength,0,19,0.174538,4424,128016,1
in_strength,0,20,0.182793,4295,126336,0
in_strength,0,21,0.191048,4094,122978,2
in_strength,0,22,0.199217,3882,118883,5
in_strength,0,23,0.207302,3699,115852,0
in_strength,0,24,0.215301,3638,114823,3
in_strength,0,25,0.223215,3513,113178,2
in_strength,0,26,0.231044,3402,110855,2
in_strength,0,27,0.238788,3262,108542,4
in_strength,0,28,0.246447,3122,105618,2
in_strength,0,29,0.254021,2973,103042,1
in_strength,0,30,0.26151,2847,100466,0
in_strength,0,31,0.268913,2744,97586,5
in_strength,0,32,0.276232,2649,95383,0
in_strength,0,33,0.28355,2528,93494,0
in_strength,0,34,0.290784,2445,92249,1
in_strength,0,35,0.297932,2343,89713,0
in_strength,0,36,0.304995,2252,88166,5
in_strength,0,37,0.311973,2158,86270,5
in_strength,0,38,0.318866,2090,84690,3
in_strength,0,39,0.32576,2009,82847,3
in_strength,0,40,0.332567,1938,81587,22
in_strength,0,41,0.33929,1872,80386,6
in_strength,0,42,0.345928,1819,79130,0
in_strength,0,43,0.352481,1755,77693,4
in_strength,0,44,0.359033,1711,77444,4
in_strength,0,45,0.365501,1632,75267,5
in_strength,0,46,0.371883,1562,73165,3
in_strength,0,47,0.378181,1518,71767,10
in_strength,0,48,0.384478,1458,70535,5
in_strength,0,49,0.39069,1394,68771,27
in_strength,0,50,0.396817,1342,67543,5
in_strength,0,51,0.402859,1291,66622,2
in_strength,0,52,0.408901,1243,64875,1
in_strength,0,53,0.414858,1176,62427,13
in_strength,0,54,0.42073,1090,59979,3
in_strength,0,55,0.426602,1046,58179,11
in_strength,0,56,0.432389,1009,57270,2
in_strength,0,57,0.43809,987,56967,15
in_strength,0,58,0.443792,972,55989,5
in_strength,0,59,0.449409,948,55203,2
in_strength,0,60,0.45494,927,54835,3
in_strength,0,61,0.460471,907,54354,9
in_strength,0,62,0.465918,883,52743,3
in_strength,0,63,0.471279,842,51621,3
in_strength,0,64,0.47664,805,50865,1
in_strength,0,65,0.481916,788,50865,19
in_strength,0,66,0.487107,753,50113,7
in_strength,0,67,0.492299,709,48565,2
in_strength,0,68,0.497404,694,47209,10
in_strength,0,69,0.50251,673,45757,4
random,0,0,0,10647,237405,
random,0,1,0.0100417,10457,231105,0
random,0,2,0.0199983,10227,225567,0
random,0,3,0.0298698,10039,221200,0
random,0,4,0.0395711,9748,216596,0
random,0,5,0.0491873,9502,211480,0
random,0,6,0.0587184,9374,208546,0
random,0,7,0.0681644,9123,201856,0
random,0,8,0.0775253,8942,198162,0
random,0,9,0.0868011,8858,195600,0
random,0,10,0.0959918,8675,191912,0
random,0,11,0.105097,8510,188210,0
random,0,12,0.114118,8371,182479,0
random,0,13,0.123053,8050,178024,0
random,0,14,0.131904,7911,174420,0
random,0,15,0.140669,7761,171152,0
random,0,16,0.149264,7578,167141,0
random,0,17,0.157774,7430,163725,0
random,0,18,0.166199,7273,159432,0
random,0,19,0.174538,7152,156310,0
random,0,20,0.182793,7001,152881,0
random,0,21,0.191048,6867,149340,0
random,0,22,0.199217,6736,146594,0
random,0,23,0.207302,6613,142848,0
random,0,24,0.215301,6495,138918,0
random,0,25,0.223215,6313,137592,0
random,0,26,0.231044,6165,134730,0
random,0,27,0.238788,6030,132660,0
random,0,28,0.246447,5873,129888,0
random,0,29,0.254021,5728,127890,0
random,0,30,0.26151,5636,125130,0
random,0,31,0.268913,5507,123165,0
random,0,32,0.276232,5405,120708,0
random,0,33,0.28355,5280,116584,0
random,0,34,0.290784,5150,114415,0
random,0,35,0.297932,4995,111135,0
random,0,36,0.304995,4921,109257,0
random,0,37,0.311973,4844,107865,0
random,0,38,0.318866,4749,106704,0
random,0,39,0.32576,4643,104412,0
random,0,40,0.332567,4589,103488,0
random,0,41,0.33929,4482,101004,1
random,0,42,0.345928,4380,98550,0
random,0,43,0.352481,4335,96768,0
random,0,44,0.359033,4225,93684,0
random,0,45,0.365501,4114,91960,0
random,0,46,0.371883,4040,91300,1
random,0,47,0.378181,3981,89790,0
random,0,48,0.384478,3880,88102,0
random,0,49,0.39069,3759,85648,0
random,0,50,0.396817,3671,84000,0
random,0,51,0.402859,3525,80958,0
random,0,52,0.408901,3448,79764,0
random,0,53,0.414858,3353,77988,0
random,0,54,0.42073,3257,75834,0
random,0,55,0.426602,3200,74088,0
random,0,56,0.432389,3150,73320,0
random,0,57,0.43809,3088,71780,0
random,0,58,0.443792,3011,70097,0
random,0,59,0.449409,2965,68970,0
random,0,60,0.45494,2910,68056,0
random,0,61,0.460471,2853,66216,0
random,0,62,0.465918,2806,64400,0
random,0,63,0.471279,2775,63848,0
random,0,64,0.47664,2712,63135,0
random,0,65,0.481916,2666,61902,0
random,0,66,0.487107,2636,60480,0
random,0,67,0.492299,2568,59096,0
random,0,68,0.497404,2509,58256,0
random,0,69,0.50251,2440,56259,0
random,1,0,0,10647,237405,
random,1,1,0.0100417,10444,234348,0
random,1,2,0.0199983,10282,230958,0
random,1,3,0.0298698,10036,224900,0
random,1,4,0.0395711,9871,220504,0
random,1,5,0.0491873,9649,217217,0
random,1,6,0.0587184,9502,212892,0
random,1,7,0.0681644,9370,208656,0
random,1,8,0.0775253,9251,204742,0
random,1,9,0.0868011,8976,198816,0
random,1,10,0.0959918,8864,195926,0
random,1,11,0.105097,8655,191539,0
random,1,12,0.114118,8492,189711,0
random,1,13,0.123053,8333,186396,0
random,1,14,0.131904,8184,182166,0
random,1,15,0.140669,8016,176832,0
random,1,16,0.149264,7726,173584,0
random,1,17,0.157774,7627,169234,0
random,1,18,0.166199,7516,165429,0
random,1,19,0.174538,7363,160271,0
random,1,20,0.182793,7260,159140,1
random,1,21,0.191048,7157,155771,0
random,1,22,0.199217,6917,150804,0
random,1,23,0.207302,6781,149178,0
random,1,24,0.215301,6582,145394,0
random,1,25,0.223215,6470,142968,0
random,1,26,0.231044,6335,139536,0
random,1,27,0.238788,6232,137970,0
random,1,28,0.246447,6080,133560,0
random,1,29,0.254021,5902,129241,0
random,1,30,0.26151,5705,125715,0
random,1,31,0.268913,5628,124460,0
random,1,32,0.276232,5536,122958,0
random,1,33,0.28355,5395,120267,1
random,1,34,0.290784,5305,117355,0
random,1,35,0.297932,5196,114696,0
random,1,36,0.304995,5113,112560,0
random,1,37,0.311973,4945,109976,0
random,1,38,0.318866,4859,107640,0
random,1,39,0.32576,4788,106714,0
random,1,40,0.332567,4719,105782,0
random,1,41,0.33929,4545,101923,1
random,1,42,0.345928,4480,100118,0
random,1,43,0.352481,4331,97236,0
random,1,44,0.359033,4224,93525,1
random,1,45,0.365501,4164,92665,1
random,1,46,0.371883,4098,91375,0
random,1,47,0.378181,3987,88828,0
random,1,48,0.384478,3817,84660,0
random,1,49,0.39069,3723,82416,0
random,1,50,0.396817,3645,78800,0
random,1,51,0.402859,3583,76824,0
random,1,52,0.408901,3506,75660,0
random,1,53,0.414858,3447,75272,0
random,1,54,0.42073,3359,73920,0
random,1,55,0.426602,3309,71820,0
random,1,56,0.432389,3219,70688,0
random,1,57,0.43809,3186,70312,0
random,1,58,0.443792,3138,68635,0
random,1,59,0.449409,3096,67712,0
random,1,60,0.45494,2986,65700,0
random,1,61,0.460471,2941,64800,0
random,1,62,0.465918,2902,63546,0
random,1,63,0.471279,2871,63368,0
random,1,64,0.47664,2816,62300,0
random,1,65,0.481916,2745,61242,0
random,1,66,0.487107,2693,60021,2
random,1,67,0.492299,2656,58464,0
random,1,68,0.497404,2613,57602,1
random,1,69,0.50251,2564,56925,0
random,2,0,0,10647,237405,
random,2,1,0.0100417,10476,235010,0
random,2,2,0.0199983,10266,229905,0
random,2,3,0.0298698,10057,226152,0
random,2,4,0.0395711,9735,220160,0
random,2,5,0.0491873,9492,214587,0
random,2,6,0.0587184,9346,209664,0
random,2,7,0.0681644,9194,207700,0
random,2,8,0.0775253,8966,202664,0
random,2,9,0.0868011,8855,199374,0
random,2,10,0.0959918,8748,195600,0
random,2,11,0.105097,8645,194350,0
random,2,12,0.114118,8435,190995,0
random,2,13,0.123053,8278,187840,0
random,2,14,0.131904,8178,185920,0
random,2,15,0.140669,7960,182850,0
random,2,16,0.149264,7791,181068,0
random,2,17,0.157774,7616,179608,0
random,2,18,0.166199,7460,176080,0
random,2,19,0.174538,7346,172227,0
random,2,20,0.182793,7229,169936,0
random,2,21,0.191048,7063,165851,0
random,2,22,0.199217,7004,164400,0
random,2,23,0.207302,6889,162410,0
random,2,24,0.215301,6715,158466,0
random,2,25,0.223215,6526,154521,0
random,2,26,0.231044,6338,151580,0
random,2,27,0.238788,6225,150195,0
random,2,28,0.246447,6087,145558,0
random,2,29,0.254021,5994,143360,0
random,2,30,0.26151,5898,140668,0
random,2,31,0.268913,5790,138552,0
random,2,32,0.276232,5719,136452,0
random,2,33,0.28355,5633,135408,0
random,2,34,0.290784,5531,132570,0
random,2,35,0.297932,5376,130296,0
random,2,36,0.304995,5255,127776,0
random,2,37,0.311973,5117,123543,0
random,2,38,0.318866,4932,120142,0
random,2,39,0.32576,4829,117304,0
random,2,40,0.332567,4737,114855,0
random,2,41,0.33929,4665,112176,0
random,2,42,0.345928,4587,109312,1
random,2,43,0.352481,4530,107406,0
random,2,44,0.359033,4430,105076,0
random,2,45,0.365501,4363,103200,0
random,2,46,0.371883,4199,100110,0
random,2,47,0.378181,4060,97208,0
random,2,48,0.384478,3973,95264,0
random,2,49,0.39069,3924,94164,0
random,2,50,0.396817,3868,92025,1
random,2,51,0.402859,3769,90132,0
random,2,52,0.408901,3680,88842,0
random,2,53,0.414858,3601,86982,0
random,2,54,0.42073,3549,85674,0
random,2,55,0.426602,3485,84672,0
random,2,56,0.432389,3374,83070,0
random,2,57,0.43809,3134,80640,1
random,2,58,0.443792,2998,78246,0
random,2,59,0.449409,2952,76632,0
random,2,60,0.45494,2891,75480,0
random,2,61,0.460471,2794,73968,1
random,2,62,0.465918,2741,72864,0
random,2,63,0.471279,2673,71540,0
random,2,64,0.47664,2638,70952,0
random,2,65,0.481916,2586,69646,2
random,2,66,0.487107,2535,67614,0
random,2,67,0.492299,2507,67232,0
random,2,68,0.497404,2361,64889,0
random,2,69,0.50251,2324,63480,2
random,3,0,0,10647,237405,
random,3,1,0.0100417,10481,233235,0
random,3,2,0.0199983,10282,228150,0
random,3,3,0.0298698,10088,224162,0
random,3,4,0.0395711,9836,219520,0
random,3,5,0.0491873,9687,218834,0
random,3,6,0.0587184,9584,215802,0
random,3,7,0.0681644,9334,209614,0
random,3,8,0.0775253,9117,205461,0
random,3,9,0.0868011,9005,202520,0
random,3,10,0.0959918,8824,200255,0
random,3,11,0.105097,8653,196800,0
random,3,12,0.114118,8402,192456,0
random,3,13,0.123053,8258,189069,0
random,3,14,0.131904,8126,186666,0
random,3,15,0.140669,7998,185128,0
random,3,16,0.149264,7891,183015,0
random,3,17,0.157774,7720,177940,0
random,3,18,0.166199,7570,174683,0
random,3,19,0.174538,7415,171152,0
random,3,20,0.182793,7292,168818,0
random,3,21,0.191048,7138,165429,0
random,3,22,0.199217,6925,160923,0
random,3,23,0.207302,6766,157536,0
random,3,24,0.215301,6601,153928,0
random,3,25,0.223215,6416,147896,0
random,3,26,0.231044,6287,144100,0
random,3,27,0.238788,6205,142206,0
random,3,28,0.246447,6086,140107,0
random,3,29,0.254021,5982,136704,0
random,3,30,0.26151,5747,133078,0
random,3,31,0.268913,5539,129759,1
random,3,32,0.276232,5459,127452,0
random,3,33,0.28355,5383,125673,0
random,3,34,0.290784,5301,122145,1
random,3,35,0.297932,5218,119669,0
random,3,36,0.304995,5099,117000,0
random,3,37,0.311973,4945,113238,0
random,3,38,0.318866,4877,109896,0
random,3,39,0.32576,4712,107814,0
random,3,40,0.332567,4653,106650,1
random,3,41,0.33929,4544,105066,0
random,3,42,0.345928,4447,102544,0
random,3,43,0.352481,4147,98988,0
random,3,44,0.359033,4096,97425,0
random,3,45,0.365501,3896,95472,0
random,3,46,0.371883,3813,91800,0
random,3,47,0.378181,3735,90308,0
random,3,48,0.384478,3676,89034,0
random,3,49,0.39069,3619,87756,0
random,3,50,0.396817,3540,85260,0
random,3,51,0.402859,3448,82800,0
random,3,52,0.408901,3338,79992,0
random,3,53,0.414858,3294,78792,0
random,3,54,0.42073,3210,76436,1
random,3,55,0.426602,3161,73919,0
random,3,56,0.432389,3048,71816,1
random,3,57,0.43809,2973,70494,0
random,3,58,0.443792,2907,69745,0
random,3,59,0.449409,2823,68250,0
random,3,60,0.45494,2789,66789,0
random,3,61,0.460471,2697,65514,0
random,3,62,0.465918,2668,64614,0
random,3,63,0.471279,2613,63897,1
random,3,64,0.47664,2467,61761,1
random,3,65,0.481916,2404,60350,0
random,3,66,0.487107,2360,59319,0
random,3,67,0.492299,2314,58474,0
random,3,68,0.497404,2280,57448,0
random,3,69,0.50251,2234,55935,0
random,4,0,0,10647,237405,
random,4,1,0.0100417,10397,232274,0
random,4,2,0.0199983,10227,230256,0
random,4,3,0.0298698,10094,227199,0
random,4,4,0.0395711,9777,221835,0
random,4,5,0.0491873,9645,217462,0
random,4,6,0.0587184,9470,211536,0
random,4,7,0.0681644,9343,207592,0
random,4,8,0.0775253,8983,203406,0
random,4,9,0.0868011,8792,199320,0
random,4,10,0.0959918,8627,195488,0
random,4,11,0.105097,8234,191750,0
random,4,12,0.114118,7796,186560,0
random,4,13,0.123053,7617,183486,0
random,4,14,0.131904,7346,178980,0
random,4,15,0.140669,7164,173658,0
random,4,16,0.149264,7052,168912,0
random,4,17,0.157774,6876,164346,0
random,4,18,0.166199,6699,160380,0
random,4,19,0.174538,6632,158895,0
random,4,20,0.182793,6529,155526,0
random,4,21,0.191048,6417,150569,0
random,4,22,0.199217,6289,148200,0
random,4,23,0.207302,6189,145230,0
random,4,24,0.215301,6076,142058,0
random,4,25,0.223215,5975,140208,0
random,4,26,0.231044,5866,138600,0
random,4,27,0.238788,5693,136272,0
random,4,28,0.246447,5572,134190,0
random,4,29,0.254021,5482,131588,0
random,4,30,0.26151,5408,129055,0
random,4,31,0.268913,5310,126808,0
random,4,32,0.276232,5194,123500,0
random,4,33,0.28355,5106,121002,0
random,4,34,0.290784,4916,117898,0
random,4,35,0.297932,4818,114958,0
random,4,36,0.304995,4634,110352,0
random,4,37,0.311973,4518,108480,0
random,4,38,0.318866,4432,106862,0
random,4,39,0.32576,4377,105910,0
random,4,40,0.332567,4315,104076,0
random,4,41,0.33929,4258,101588,0
random,4,42,0.345928,4185,99130,0
random,4,43,0.352481,4133,97128,0
random,4,44,0.359033,4013,94725,0
random,4,45,0.365501,3973,94304,0
random,4,46,0.371883,3931,92768,0
random,4,47,0.378181,3870,91207,0
random,4,48,0.384478,3779,88660,0
random,4,49,0.39069,3681,86583,0
random,4,50,0.396817,3589,84925,1
random,4,51,0.402859,3478,82857,0
random,4,52,0.408901,3391,80288,0
random,4,53,0.414858,3350,79074,0
random,4,54,0.42073,3281,76670,0
random,4,55,0.426602,3178,74426,0
random,4,56,0.432389,3103,71955,0
random,4,57,0.43809,3026,70445,1
random,4,58,0.443792,2980,69504,0
random,4,59,0.449409,2903,67640,0
random,4,60,0.45494,2861,65800,0
random,4,61,0.460471,2816,65100,0
random,4,62,0.465918,2739,63480,0
random,4,63,0.471279,2694,61854,0
random,4,64,0.47664,2662,60092,0
random,4,65,0.481916,2584,58206,0
random,4,66,0.487107,2487,56350,0
random,4,67,0.492299,2446,55158,0
random,4,68,0.497404,2383,54322,1
random,4,69,0.50251,2357,53803,0
random,5,0,0,10647,237405,
random,5,1,0.0100417,10451,233333,0
random,5,2,0.0199983,10303,231616,0
random,5,3,0.0298698,10138,225897,0
random,5,4,0.0395711,9786,219945,0
random,5,5,0.0491873,9628,214332,0
random,5,6,0.0587184,9363,207570,0
random,5,7,0.0681644,9225,203688,0
random,5,8,0.0775253,9087,200232,0
random,5,9,0.0868011,8843,194955,0
random,5,10,0.0959918,8693,193053,0
random,5,11,0.105097,8538,188760,0
random,5,12,0.114118,8344,185091,0
random,5,13,0.123053,8176,181764,0
random,5,14,0.131904,8043,177558,0
random,5,15,0.140669,7959,175462,0
random,5,16,0.149264,7827,172523,0
random,5,17,0.157774,7733,168993,0
random,5,18,0.166199,7587,166404,0
random,5,19,0.174538,7396,160704,0
random,5,20,0.182793,7239,157035,0
random,5,21,0.191048,7145,155348,0
random,5,22,0.199217,6991,150897,0
random,5,23,0.207302,6665,146042,0
random,5,24,0.215301,6558,143616,0
random,5,25,0.223215,6453,142290,0
random,5,26,0.231044,6254,140175,1
random,5,27,0.238788,6100,135716,0
random,5,28,0.246447,5959,132090,0
random,5,29,0.254021,5818,129536,0
random,5,30,0.26151,5720,125496,0
random,5,31,0.268913,5603,123256,0
random,5,32,0.276232,5512,121277,0
random,5,33,0.28355,5449,120042,0
random,5,34,0.290784,5360,117355,0
random,5,35,0.297932,5252,115668,0
random,5,36,0.304995,5100,112330,0
random,5,37,0.311973,5007,111374,0
random,5,38,0.318866,4901,109504,0
random,5,39,0.32576,4785,107874,0
random,5,40,0.332567,4678,102830,0
random,5,41,0.33929,4388,99000,0
random,5,42,0.345928,4302,97900,0
random,5,43,0.352481,4183,96131,0
random,5,44,0.359033,4072,94160,0
random,5,45,0.365501,4011,92229,1
random,5,46,0.371883,3908,90730,0
random,5,47,0.378181,3823,89034,1
random,5,48,0.384478,3740,87354,0
random,5,49,0.39069,3673,85884,0
random,5,50,0.396817,3593,83415,3
random,5,51,0.402859,3562,82812,0
random,5,52,0.408901,3519,82008,0
random,5,53,0.414858,3445,79391,0
random,5,54,0.42073,3353,77007,0
random,5,55,0.426602,3312,75840,0
random,5,56,0.432389,3262,74480,0
random,5,57,0.43809,3200,72354,0
random,5,58,0.443792,3141,70472,0
random,5,59,0.449409,3084,69540,0
random,5,60,0.45494,3037,67662,0
random,5,61,0.460471,2993,66928,0
random,5,62,0.465918,2973,66021,0
random,5,63,0.471279,2871,64400,1
random,5,64,0.47664,2823,63145,0
random,5,65,0.481916,2772,61152,0
random,5,66,0.487107,2687,59565,0
random,5,67,0.492299,2631,58320,0
random,5,68,0.497404,2575,56640,0
random,5,69,0.50251,2511,55300,0
random,6,0,0,10647,237405,
random,6,1,0.0100417,10337,233333,0
random,6,2,0.0199983,10136,228595,0
random,6,3,0.0298698,9931,225897,0
random,6,4,0.0395711,9721,220932,0
random,6,5,0.0491873,9520,214968,0
random,6,6,0.0587184,9364,210380,0
random,6,7,0.0681644,9123,204558,0
random,6,8,0.0775253,9037,203234,0
random,6,9,0.0868011,8792,197835,0
random,6,10,0.0959918,8631,191912,0
random,6,11,0.105097,8376,187347,0
random,6,12,0.114118,8271,184275,1
random,6,13,0.123053,8124,182166,0
random,6,14,0.131904,7873,176832,0
random,6,15,0.140669,7685,172710,0
random,6,16,0.149264,7428,166944,0
random,6,17,0.157774,7312,165760,0
random,6,18,0.166199,7161,163464,0
random,6,19,0.174538,7007,157248,0
random,6,20,0.182793,6907,153545,0
random,6,21,0.191048,6815,150480,0
random,6,22,0.199217,6744,148858,0
random,6,23,0.207302,6641,146682,0
random,6,24,0.215301,6419,141384,0
random,6,25,0.223215,6262,137728,0
random,6,26,0.231044,6164,135340,0
random,6,27,0.238788,6082,132264,0
random,6,28,0.246447,5961,131262,0
random,6,29,0.254021,5858,129195,0
random,6,30,0.26151,5682,125930,0
random,6,31,0.268913,5576,123165,0
random,6,32,0.276232,5427,120250,0
random,6,33,0.28355,5292,117552,0
random,6,34,0.290784,5041,115395,0
random,6,35,0.297932,4903,112046,0
random,6,36,0.304995,4754,109480,0
random,6,37,0.311973,4698,107616,0
random,6,38,0.318866,4640,106220,0
random,6,39,0.32576,4586,105300,1
random,6,40,0.332567,4409,102795,0
random,6,41,0.33929,4330,101660,0
random,6,42,0.345928,4247,100073,0
random,6,43,0.352481,4170,99615,0
random,6,44,0.359033,4122,97610,0
random,6,45,0.365501,4051,96075,0
random,6,46,0.371883,3880,92840,0
random,6,47,0.378181,3831,91542,0
random,6,48,0.384478,3759,89424,0
random,6,49,0.39069,3687,87969,0
random,6,50,0.396817,3630,85877,0
random,6,51,0.402859,3541,84032,0
random,6,52,0.408901,3473,81385,0
random,6,53,0.414858,3243,79184,0
random,6,54,0.42073,3075,77586,0
random,6,55,0.426602,2977,76230,0
random,6,56,0.432389,2885,73905,1
random,6,57,0.43809,2852,72944,1
random,6,58,0.443792,2804,71603,0
random,6,59,0.449409,2757,69906,0
random,6,60,0.45494,2687,68229,0
random,6,61,0.460471,2661,67492,0
random,6,62,0.465918,2614,66216,0
random,6,63,0.471279,2569,65136,0
random,6,64,0.47664,2525,64216,0
random,6,65,0.481916,2456,62264,0
random,6,66,0.487107,2416,61218,0
random,6,67,0.492299,2362,60342,3
random,6,68,0.497404,2331,58800,0
random,6,69,0.50251,2296,58100,0
random,7,0,0,10647,237405,
random,7,1,0.0100417,10435,233590,0
random,7,2,0.0199983,10289,230808,0
random,7,3,0.0298698,9953,225050,0
random,7,4,0.0395711,9748,220632,0
random,7,5,0.0491873,9588,218263,0
random,7,6,0.0587184,9395,213689,0
random,7,7,0.0681644,9218,208485,0
random,7,8,0.0775253,9093,203952,0
random,7,9,0.0868011,8877,199864,0
random,7,10,0.0959918,8677,196680,0
random,7,11,0.105097,8502,193848,0
random,7,12,0.114118,8392,192930,0
random,7,13,0.123053,8211,187143,0
random,7,14,0.131904,7800,182909,0
random,7,15,0.140669,7571,178776,0
random,7,16,0.149264,7474,175770,0
random,7,17,0.157774,7233,171864,0
random,7,18,0.166199,7052,168970,1
random,7,19,0.174538,6773,164100,0
random,7,20,0.182793,6645,159786,0
random,7,21,0.191048,6510,155636,0
random,7,22,0.199217,6323,151536,0
random,7,23,0.207302,6166,147680,0
random,7,24,0.215301,6016,144200,0
random,7,25,0.223215,5910,142058,0
random,7,26,0.231044,5656,140525,0
random,7,27,0.238788,5564,138918,0
random,7,28,0.246447,5502,137088,0
random,7,29,0.254021,5400,134231,0
random,7,30,0.26151,5183,130416,0
random,7,31,0.268913,5107,127332,0
random,7,32,0.276232,4913,123617,0
random,7,33,0.28355,4835,121380,0
random,7,34,0.290784,4682,118000,0
random,7,35,0.297932,4591,115349,0
random,7,36,0.304995,4502,113925,0
random,7,37,0.311973,4368,112046,0
random,7,38,0.318866,4326,110110,0
random,7,39,0.32576,4240,108240,0
random,7,40,0.332567,4191,105702,2
random,7,41,0.33929,4093,103194,0
random,7,42,0.345928,4029,101821,0
random,7,43,0.352481,3967,99386,0
random,7,44,0.359033,3800,96113,0
random,7,45,0.365501,3741,93500,0
random,7,46,0.371883,3686,92418,0
random,7,47,0.378181,3620,91357,0
random,7,48,0.384478,3553,90288,0
random,7,49,0.39069,3502,89856,0
random,7,50,0.396817,3443,88580,0
random,7,51,0.402859,3392,86708,0
random,7,52,0.408901,3308,84646,0
random,7,53,0.414858,3189,83215,0
random,7,54,0.42073,3140,81591,0
random,7,55,0.426602,3032,80186,0
random,7,56,0.432389,2986,78601,0
random,7,57,0.43809,2894,76437,0
random,7,58,0.443792,2861,76043,0
random,7,59,0.449409,2815,74491,0
random,7,60,0.45494,2733,72557,0
random,7,61,0.460471,2687,71797,0
random,7,62,0.465918,2652,70111,0
random,7,63,0.471279,2581,68256,0
random,7,64,0.47664,2525,66961,1
random,7,65,0.481916,2371,64261,0
random,7,66,0.487107,2314,62835,0
random,7,67,0.492299,2280,61069,0
random,7,68,0.497404,2249,60021,0
random,7,69,0.50251,2214,59679,0
random,8,0,0,10647,237405,
random,8,1,0.0100417,10488,234300,0
random,8,2,0.0199983,10297,230208,0
random,8,3,0.0298698,10152,226501,0
random,8,4,0.0395711,9983,223416,0
random,8,5,0.0491873,9671,219472,0
random,8,6,0.0587184,9543,216433,0
random,8,7,0.0681644,9363,213466,0
random,8,8,0.0775253,9139,210288,0
random,8,9,0.0868011,8987,207648,0
random,8,10,0.0959918,8883,205076,0
random,8,11,0.105097,8677,201248,0
random,8,12,0.114118,8435,196527,0
random,8,13,0.123053,8296,193644,0
random,8,14,0.131904,8122,190836,0
random,8,15,0.140669,7934,188692,0
random,8,16,0.149264,7821,184701,0
random,8,17,0.157774,7660,181324,0
random,8,18,0.166199,7494,178152,0
random,8,19,0.174538,7337,174069,0
random,8,20,0.182793,7201,169120,1
random,8,21,0.191048,6956,163984,0
random,8,22,0.199217,6748,160818,0
random,8,23,0.207302,6650,156849,0
random,8,24,0.215301,6489,152438,0
random,8,25,0.223215,6434,150436,0
random,8,26,0.231044,6326,146877,0
random,8,27,0.238788,6156,144480,0
random,8,28,0.246447,6054,141502,0
random,8,29,0.254021,5980,138777,0
random,8,30,0.26151,5900,136675,0
random,8,31,0.268913,5783,133874,0
random,8,32,0.276232,5620,131320,0
random,8,33,0.28355,5521,127946,0
random,8,34,0.290784,5356,124497,0
random,8,35,0.297932,5194,122507,0
random,8,36,0.304995,5049,119808,0
random,8,37,0.311973,4954,118151,0
random,8,38,0.318866,4892,116676,0
random,8,39,0.32576,4793,113000,0
random,8,40,0.332567,4677,110208,0
random,8,41,0.33929,4536,107690,0
random,8,42,0.345928,4440,106281,0
random,8,43,0.352481,4372,104006,0
random,8,44,0.359033,4293,101285,0
random,8,45,0.365501,4254,100110,0
random,8,46,0.371883,4155,97944,0
random,8,47,0.378181,4115,96180,0
random,8,48,0.384478,4031,94205,0
random,8,49,0.39069,3977,92250,0
random,8,50,0.396817,3903,90354,0
random,8,51,0.402859,3833,89726,0
random,8,52,0.408901,3648,87418,0
random,8,53,0.414858,3554,83104,0
random,8,54,0.42073,3484,81060,0
random,8,55,0.426602,3354,77900,0
random,8,56,0.432389,3335,76670,0
random,8,57,0.43809,3266,74336,0
random,8,58,0.443792,3217,72800,0
random,8,59,0.449409,3167,71640,0
random,8,60,0.45494,3109,70686,0
random,8,61,0.460471,3031,68676,0
random,8,62,0.465918,2950,67743,0
random,8,63,0.471279,2896,66468,2
random,8,64,0.47664,2869,65513,0
random,8,65,0.481916,2808,64071,0
random,8,66,0.487107,2710,62458,1
random,8,67,0.492299,2646,61050,0
random,8,68,0.497404,2585,60352,0
random,8,69,0.50251,2555,59616,0
random,9,0,0,10647,237405,
random,9,1,0.0100417,10475,233640,0
random,9,2,0.0199983,10295,229203,0
random,9,3,0.0298698,10130,225454,0
random,9,4,0.0395711,9934,223468,0
random,9,5,0.0491873,9734,218834,0
random,9,6,0.0587184,9556,213616,0
random,9,7,0.0681644,9401,209328,0
random,9,8,0.0775253,9233,206412,0
random,9,9,0.0868011,9120,201798,0
random,9,10,0.0959918,8954,199650,0
random,9,11,0.105097,8829,196144,0
random,9,12,0.114118,8721,194832,0
random,9,13,0.123053,8533,192014,0
random,9,14,0.131904,8380,188309,0
random,9,15,0.140669,8275,185402,0
random,9,16,0.149264,8160,182970,0
random,9,17,0.157774,7954,177837,0
random,9,18,0.166199,7835,175064,0
random,9,19,0.174538,7683,173014,0
random,9,20,0.182793,7545,170272,0
random,9,21,0.191048,7416,167856,0
random,9,22,0.199217,7257,163324,0
random,9,23,0.207302,6966,158852,0
random,9,24,0.215301,6828,156900,0
random,9,25,0.223215,6736,155480,0
random,9,26,0.231044,6639,153470,0
random,9,27,0.238788,6458,150309,0
random,9,28,0.246447,6338,147610,2
random,9,29,0.254021,6142,143136,0
random,9,30,0.26151,6031,141000,0
random,9,31,0.268913,5891,136561,0
random,9,32,0.276232,5737,132192,0
random,9,33,0.28355,5651,131648,0
random,9,34,0.290784,5580,130080,0
random,9,35,0.297932,5516,127980,0
random,9,36,0.304995,5435,125354,0
random,9,37,0.311973,5346,123158,0
random,9,38,0.318866,5138,120520,0
random,9,39,0.32576,4989,118300,1
random,9,40,0.332567,4845,114300,0
random,9,41,0.33929,4754,112644,0
random,9,42,0.345928,4653,109616,0
random,9,43,0.352481,4571,107994,0
random,9,44,0.359033,4436,106384,0
random,9,45,0.365501,4386,104490,0
random,9,46,0.371883,4269,103148,0
random,9,47,0.378181,4148,100912,0
random,9,48,0.384478,3971,98465,0
random,9,49,0.39069,3849,97578,0
random,9,50,0.396817,3773,94806,0
random,9,51,0.402859,3718,93297,1
random,9,52,0.408901,3624,90538,0
random,9,53,0.414858,3516,88660,0
random,9,54,0.42073,3463,86546,0
random,9,55,0.426602,3400,85104,0
random,9,56,0.432389,3327,83460,0
random,9,57,0.43809,3227,81657,1
random,9,58,0.443792,3119,79695,0
random,9,59,0.449409,3074,78486,0
random,9,60,0.45494,3037,77662,0
random,9,61,0.460471,2985,76465,0
random,9,62,0.465918,2937,75346,0
random,9,63,0.471279,2878,73232,0
random,9,64,0.47664,2812,71148,1
random,9,65,0.481916,2773,69840,0
random,9,66,0.487107,2695,68187,1
random,9,67,0.492299,2640,66906,0
random,9,68,0.497404,2597,65772,0
random,9,69,0.50251,2541,63296,1
random,10,0,0,10647,237405,
random,10,1,0.0100417,10438,235316,0
random,10,2,0.0199983,10247,231215,0
random,10,3,0.0298698,10046,226200,0
random,10,4,0.0395711,9831,219906,0
random,10,5,0.0491873,9575,215343,0
random,10,6,0.0587184,9451,212725,0
random,10,7,0.0681644,9263,207240,0
random,10,8,0.0775253,9056,203067,0
random,10,9,0.0868011,8909,201142,0
random,10,10,0.0959918,8730,197030,0
random,10,11,0.105097,8468,190548,0
random,10,12,0.114118,8282,185667,0
random,10,13,0.123053,8093,181437,0
random,10,14,0.131904,7892,175800,0
random,10,15,0.140669,7748,172272,0
random,10,16,0.149264,7602,167900,0
random,10,17,0.157774,7449,164448,0
random,10,18,0.166199,7310,161312,0
random,10,19,0.174538,7220,159330,0
random,10,20,0.182793,6908,155680,0
random,10,21,0.191048,6817,154012,0
random,10,22,0.199217,6684,149877,0
random,10,23,0.207302,6492,146880,0
random,10,24,0.215301,6401,146070,0
random,10,25,0.223215,6202,141240,0
random,10,26,0.231044,6115,138069,2
random,10,27,0.238788,6045,134418,0
random,10,28,0.246447,5888,131318,0
random,10,29,0.254021,5748,127750,0
random,10,30,0.26151,5644,125994,1
random,10,31,0.268913,5446,122244,0
random,10,32,0.276232,5309,119548,0
random,10,33,0.28355,5227,117849,0
random,10,34,0.290784,5134,116154,0
random,10,35,0.297932,5037,113988,0
random,10,36,0.304995,4870,110432,0
random,10,37,0.311973,4741,107859,0
random,10,38,0.318866,4627,106236,0
random,10,39,0.32576,4509,103488,0
random,10,40,0.332567,4418,101676,1
random,10,41,0.33929,4348,99660,0
random,10,42,0.345928,4282,97433,0
random,10,43,0.352481,4217,96336,0
random,10,44,0.359033,4157,95460,0
random,10,45,0.365501,4007,93294,0
random,10,46,0.371883,3947,91590,0
random,10,47,0.378181,3850,89464,0
random,10,48,0.384478,3782,87150,0
random,10,49,0.39069,3677,85904,0
random,10,50,0.396817,3355,83640,0
random,10,51,0.402859,3293,82620,0
random,10,52,0.408901,3190,80400,0
random,10,53,0.414858,3168,79000,0
random,10,54,0.42073,3092,77022,0
random,10,55,0.426602,3058,75845,0
random,10,56,0.432389,2900,73153,0
random,10,57,0.43809,2829,70876,0
random,10,58,0.443792,2794,69378,0
random,10,59,0.449409,2753,67712,0
random,10,60,0.45494,2719,66794,0
random,10,61,0.460471,2642,64977,0
random,10,62,0.465918,2567,62626,0
random,10,63,0.471279,2450,60860,1
random,10,64,0.47664,2418,59150,1
random,10,65,0.481916,2388,58296,0
random,10,66,0.487107,2360,56938,0
random,10,67,0.492299,2318,55268,0
random,10,68,0.497404,2286,55104,0
random,10,69,0.50251,2172,53280,0
random,11,0,0,10647,237405,
random,11,1,0.0100417,10485,233640,0
random,11,2,0.0199983,10304,229803,0
random,11,3,0.0298698,10185,227040,0
random,11,4,0.0395711,9836,222774,0
random,11,5,0.0491873,9674,217695,0
random,11,6,0.0587184,9488,214092,0
random,11,7,0.0681644,9308,211820,0
random,11,8,0.0775253,9062,204844,0
random,11,9,0.0868011,8913,200736,0
random,11,10,0.0959918,8728,197640,0
random,11,11,0.105097,8493,195132,0
random,11,12,0.114118,8249,190834,0
random,11,13,0.123053,7818,183855,0
random,11,14,0.131904,7677,179950,0
random,11,15,0.140669,7556,176972,0
random,11,16,0.149264,7437,175462,0
random,11,17,0.157774,7326,172800,0
random,11,18,0.166199,7202,169562,0
random,11,19,0.174538,7032,163787,0
random,11,20,0.182793,6812,158688,0
random,11,21,0.191048,6543,156180,0
random,11,22,0.199217,6432,152280,0
random,11,23,0.207302,6214,149823,0
random,11,24,0.215301,6089,148452,0
random,11,25,0.223215,5961,147087,0
random,11,26,0.231044,5844,143550,0
random,11,27,0.238788,5763,143275,0
random,11,28,0.246447,5613,140352,0
random,11,29,0.254021,5516,138992,0
random,11,30,0.26151,5406,135072,0
random,11,31,0.268913,5335,133500,0
random,11,32,0.276232,5251,131440,0
random,11,33,0.28355,5154,129195,0
random,11,34,0.290784,5012,126225,0
random,11,35,0.297932,4917,124236,0
random,11,36,0.304995,4826,121030,0
random,11,37,0.311973,4706,117852,0
random,11,38,0.318866,4591,116397,0
random,11,39,0.32576,4537,113481,0
random,11,40,0.332567,4396,111360,0
random,11,41,0.33929,4308,108546,0
random,11,42,0.345928,4214,105534,0
random,11,43,0.352481,4129,103026,0
random,11,44,0.359033,4024,101447,0
random,11,45,0.365501,3970,100989,0
random,11,46,0.371883,3852,97875,0
random,11,47,0.378181,3775,96768,0
random,11,48,0.384478,3722,96336,0
random,11,49,0.39069,3614,94820,0
random,11,50,0.396817,3580,94160,0
random,11,51,0.402859,3505,92659,0
random,11,52,0.408901,3406,90950,0
random,11,53,0.414858,3341,88831,0
random,11,54,0.42073,3208,85905,0
random,11,55,0.426602,3092,83022,0
random,11,56,0.432389,3051,82416,0
random,11,57,0.43809,2958,79794,0
random,11,58,0.443792,2908,77812,0
random,11,59,0.449409,2830,75656,0
random,11,60,0.45494,2814,75270,0
random,11,61,0.460471,2670,72756,0
random,11,62,0.465918,2605,71995,0
random,11,63,0.471279,2535,69920,0
random,11,64,0.47664,2498,69000,0
random,11,65,0.481916,2412,66608,0
random,11,66,0.487107,2383,65872,0
random,11,67,0.492299,2328,64074,0
random,11,68,0.497404,2299,62300,0
random,11,69,0.50251,2180,59826,0
random,12,0,0,10647,237405,
random,12,1,0.0100417,10405,232362,0
random,12,2,0.0199983,10217,228288,0
random,12,3,0.0298698,10099,223560,0
random,12,4,0.0395711,9859,219564,0
random,12,5,0.0491873,9691,215900,0
random,12,6,0.0587184,9403,210380,0
random,12,7,0.0681644,9255,207500,0
random,12,8,0.0775253,9099,206172,0
random,12,9,0.0868011,8905,200451,0
random,12,10,0.0959918,8789,198208,0
random,12,11,0.105097,8699,195650,0
random,12,12,0.114118,8546,191637,0
random,12,13,0.123053,8324,186666,0
random,12,14,0.131904,8170,181540,0
random,12,15,0.140669,8017,177892,1
random,12,16,0.149264,7840,174990,0
random,12,17,0.157774,7711,174376,0
random,12,18,0.166199,7485,171195,0
random,12,19,0.174538,7342,168300,0
random,12,20,0.182793,7211,164241,0
random,12,21,0.191048,7080,162545,0
random,12,22,0.199217,6957,160857,0
random,12,23,0.207302,6793,157470,0
random,12,24,0.215301,6631,154119,0
random,12,25,0.223215,6540,151656,0
random,12,26,0.231044,6445,148896,0
random,12,27,0.238788,6336,145359,0
random,12,28,0.246447,6242,143448,0
random,12,29,0.254021,6036,140525,0
random,12,30,0.26151,5853,135810,0
random,12,31,0.268913,5721,132500,0
random,12,32,0.276232,5616,129428,0
random,12,33,0.28355,5463,126100,0
random,12,34,0.290784,5311,122145,0
random,12,35,0.297932,5210,119634,0
random,12,36,0.304995,5067,116532,0
random,12,37,0.311973,5015,114855,0
random,12,38,0.318866,4954,113867,0
random,12,39,0.32576,4861,111264,0
random,12,40,0.332567,4795,109626,0
random,12,41,0.33929,4739,107932,0
random,12,42,0.345928,4681,104958,0
random,12,43,0.352481,4580,103165,0
random,12,44,0.359033,4515,101322,0
random,12,45,0.365501,4414,98832,0
random,12,46,0.371883,4229,95824,0
random,12,47,0.378181,4156,93184,0
random,12,48,0.384478,4100,91020,0
random,12,49,0.39069,4014,88508,0
random,12,50,0.396817,3917,86616,0
random,12,51,0.402859,3838,85355,0
random,12,52,0.408901,3769,83556,0
random,12,53,0.414858,3692,81928,1
random,12,54,0.42073,3638,79516,0
random,12,55,0.426602,3559,77343,0
random,12,56,0.432389,3324,74625,0
random,12,57,0.43809,3235,72716,0
random,12,58,0.443792,3096,70080,0
random,12,59,0.449409,3045,68780,0
random,12,60,0.45494,2994,67851,0
random,12,61,0.460471,2936,66552,0
random,12,62,0.465918,2873,64889,0
random,12,63,0.471279,2836,63798,1
random,12,64,0.47664,2808,63455,0
random,12,65,0.481916,2746,62037,0
random,12,66,0.487107,2691,60840,0
random,12,67,0.492299,2659,60120,0
random,12,68,0.497404,2609,59070,0
random,12,69,0.50251,2523,57400,3
random,13,0,0,10647,237405,
random,13,1,0.0100417,10311,231968,0
random,13,2,0.0199983,10174,228984,0
random,13,3,0.0298698,10018,224554,0
random,13,4,0.0395711,9759,220590,0
random,13,5,0.0491873,9639,217899,0
random,13,6,0.0587184,9488,215265,0
random,13,7,0.0681644,9312,210086,0
random,13,8,0.0775253,9166,206793,0
random,13,9,0.0868011,8938,202048,0
random,13,10,0.0959918,8803,199470,0
random,13,11,0.105097,8509,193844,0
random,13,12,0.114118,8359,188615,0
random,13,13,0.123053,8102,182868,0
random,13,14,0.131904,7993,179256,0
random,13,15,0.140669,7867,176256,0
random,13,16,0.149264,7671,172407,0
random,13,17,0.157774,7436,170065,0
random,13,18,0.166199,7312,166582,0
random,13,19,0.174538,7152,162250,0
random,13,20,0.182793,7007,159210,0
random,13,21,0.191048,6863,156672,0
random,13,22,0.199217,6769,153360,0
random,13,23,0.207302,6685,150870,0
random,13,24,0.215301,6589,150024,0
random,13,25,0.223215,6405,147840,0
random,13,26,0.231044,6311,144282,0
random,13,27,0.238788,6235,143209,0
random,13,28,0.246447,6141,142101,0
random,13,29,0.254021,5936,137126,0
random,13,30,0.26151,5816,135038,0
random,13,31,0.268913,5654,131736,0
random,13,32,0.276232,5560,129952,1
random,13,33,0.28355,5406,126100,0
random,13,34,0.290784,5348,123802,0
random,13,35,0.297932,5274,120360,0
random,13,36,0.304995,5166,117180,0
random,13,37,0.311973,4991,114080,0
random,13,38,0.318866,4930,112632,0
random,13,39,0.32576,4848,108240,0
random,13,40,0.332567,4727,106624,0
random,13,41,0.33929,4662,105434,0
random,13,42,0.345928,4608,103806,0
random,13,43,0.352481,4559,102858,0
random,13,44,0.359033,4457,99528,0
random,13,45,0.365501,4408,97713,0
random,13,46,0.371883,4302,95264,0
random,13,47,0.378181,4218,93524,0
random,13,48,0.384478,4097,91575,0
random,13,49,0.39069,3985,89423,0
random,13,50,0.396817,3853,87958,0
random,13,51,0.402859,3796,87516,0
random,13,52,0.408901,3647,85064,0
random,13,53,0.414858,3571,83032,0
random,13,54,0.42073,3508,81196,0
random,13,55,0.426602,3450,78960,0
random,13,56,0.432389,3382,78000,0
random,13,57,0.43809,3314,75888,0
random,13,58,0.443792,3269,75276,0
random,13,59,0.449409,3199,73528,0
random,13,60,0.45494,3138,71757,0
random,13,61,0.460471,3078,70600,0
random,13,62,0.465918,2812,69541,0
random,13,63,0.471279,2760,68208,1
random,13,64,0.47664,2706,66836,0
random,13,65,0.481916,2666,65910,0
random,13,66,0.487107,2622,64935,0
random,13,67,0.492299,2563,64020,0
random,13,68,0.497404,2520,63304,0
random,13,69,0.50251,2476,63111,0
random,14,0,0,10647,237405,
random,14,1,0.0100417,10433,231215,0
random,14,2,0.0199983,10274,227500,0
random,14,3,0.0298698,10059,224162,0
random,14,4,0.0395711,9711,217899,0
random,14,5,0.0491873,9563,213321,0
random,14,6,0.0587184,9357,208705,0
random,14,7,0.0681644,9029,204889,0
random,14,8,0.0775253,8860,200816,0
random,14,9,0.0868011,8728,197353,0
random,14,10,0.0959918,8605,193884,0
random,14,11,0.105097,8439,189846,0
random,14,12,0.114118,8318,184946,0
random,14,13,0.123053,8217,181227,0
random,14,14,0.131904,8070,177892,0
random,14,15,0.140669,7795,174376,0
random,14,16,0.149264,7666,170630,0
random,14,17,0.157774,7534,166244,0
random,14,18,0.166199,7380,163096,0
random,14,19,0.174538,7286,161365,0
random,14,20,0.182793,7098,157680,0
random,14,21,0.191048,6985,157096,0
random,14,22,0.199217,6739,154080,1
random,14,23,0.207302,6635,150480,0
random,14,24,0.215301,6510,149100,0
random,14,25,0.223215,6385,147486,0
random,14,26,0.231044,6276,144200,0
random,14,27,0.238788,6205,142058,0
random,14,28,0.246447,6093,138918,0
random,14,29,0.254021,5946,135810,0
random,14,30,0.26151,5800,132468,0
random,14,31,0.268913,5710,130645,0
random,14,32,0.276232,5586,127890,0
random,14,33,0.28355,5466,125646,0
random,14,34,0.290784,5356,124672,0
random,14,35,0.297932,5218,122705,0
random,14,36,0.304995,5128,120250,0
random,14,37,0.311973,4906,117325,0
random,14,38,0.318866,4840,115128,0
random,14,39,0.32576,4745,112752,0
random,14,40,0.332567,4643,110640,0
random,14,41,0.33929,4583,107852,1
random,14,42,0.345928,4517,105492,0
random,14,43,0.352481,4415,103685,0
random,14,44,0.359033,4312,99426,0
random,14,45,0.365501,4071,96113,0
random,14,46,0.371883,3986,93951,1
random,14,47,0.378181,3884,91584,0
random,14,48,0.384478,3814,89666,0
random,14,49,0.39069,3709,87150,0
random,14,50,0.396817,3629,86100,0
random,14,51,0.402859,3554,83809,0
random,14,52,0.408901,3482,82800,0
random,14,53,0.414858,3383,80194,0
random,14,54,0.42073,3312,78012,0
random,14,55,0.426602,3282,77022,0
random,14,56,0.432389,3209,75852,0
random,14,57,0.43809,3119,74498,0
random,14,58,0.443792,3054,72384,0
random,14,59,0.449409,3000,71250,0
random,14,60,0.45494,2966,70124,0
random,14,61,0.460471,2913,68442,0
random,14,62,0.465918,2865,66970,0
random,14,63,0.471279,2786,64436,0
random,14,64,0.47664,2745,63180,0
random,14,65,0.481916,2721,61576,0
random,14,66,0.487107,2654,60534,0
random,14,67,0.492299,2629,59649,0
random,14,68,0.497404,2565,58784,0
random,14,69,0.50251,2510,56700,0
random,15,0,0,10647,237405,
random,15,1,0.0100417,10486,232627,0
random,15,2,0.0199983,10307,229905,0
random,15,3,0.0298698,10121,224509,0
random,15,4,0.0395711,9952,218620,0
random,15,5,0.0491873,9811,214630,0
random,15,6,0.0587184,9684,211299,0
random,15,7,0.0681644,9446,207080,0
random,15,8,0.0775253,9306,205128,0
random,15,9,0.0868011,9161,201248,0
random,15,10,0.0959918,8989,197456,0
random,15,11,0.105097,8706,191539,0
random,15,12,0.114118,8533,188427,0
random,15,13,0.123053,8394,185128,0
random,15,14,0.131904,8273,182016,0
random,15,15,0.140669,8059,177675,0
random,15,16,0.149264,7932,173762,0
random,15,17,0.157774,7740,170589,0
random,15,18,0.166199,7627,165900,0
random,15,19,0.174538,7463,162504,0
random,15,20,0.182793,7338,159685,0
random,15,21,0.191048,7217,157680,0
random,15,22,0.199217,7103,155730,0
random,15,23,0.207302,7013,154326,0
random,15,24,0.215301,6919,152640,0
random,15,25,0.223215,6835,151488,0
random,15,26,0.231044,6694,148200,0
random,15,27,0.238788,6550,144384,0
random,15,28,0.246447,6421,140616,0
random,15,29,0.254021,6308,138223,0
random,15,30,0.26151,6171,134316,0
random,15,31,0.268913,6080,131220,0
random,15,32,0.276232,5997,128582,0
random,15,33,0.28355,5898,125875,0
random,15,34,0.290784,5649,122200,0
random,15,35,0.297932,5548,119040,0
random,15,36,0.304995,5408,115668,0
random,15,37,0.311973,5281,113500,0
random,15,38,0.318866,5143,111352,0
random,15,39,0.32576,5027,108864,0
random,15,40,0.332567,4981,106964,0
random,15,41,0.33929,4921,105317,0
random,15,42,0.345928,4883,103871,0
random,15,43,0.352481,4811,102240,0
random,15,44,0.359033,4707,99960,0
random,15,45,0.365501,4599,98046,0
random,15,46,0.371883,4539,96280,0
random,15,47,0.378181,4421,94392,0
random,15,48,0.384478,4353,93252,0
random,15,49,0.39069,4257,90450,0
random,15,50,0.396817,4130,88356,0
random,15,51,0.402859,4064,86680,0
random,15,52,0.408901,4006,86680,0
random,15,53,0.414858,3945,84753,0
random,15,54,0.42073,3863,82990,0
random,15,55,0.426602,3828,81320,0
random,15,56,0.432389,3656,78281,0
random,15,57,0.43809,3543,75969,0
random,15,58,0.443792,3482,75190,1
random,15,59,0.449409,3405,73032,0
random,15,60,0.45494,3346,72065,0
random,15,61,0.460471,3296,69892,0
random,15,62,0.465918,3217,68200,0
random,15,63,0.471279,3159,67859,0
random,15,64,0.47664,3085,65995,0
random,15,65,0.481916,3025,64092,0
random,15,66,0.487107,2969,62328,0
random,15,67,0.492299,2911,60795,0
random,15,68,0.497404,2864,59520,0
random,15,69,0.50251,2816,58330,0
random,16,0,0,10647,237405,
random,16,1,0.0100417,10402,231215,0
random,16,2,0.0199983,10258,227448,0
random,16,3,0.0298698,10012,224112,0
random,16,4,0.0395711,9856,220402,0
random,16,5,0.0491873,9671,216720,0
random,16,6,0.0587184,9533,213750,0
random,16,7,0.0681644,9335,210120,0
random,16,8,0.0775253,9121,202738,0
random,16,9,0.0868011,8998,199200,0
random,16,10,0.0959918,8782,193644,0
random,16,11,0.105097,8553,188955,0
random,16,12,0.114118,8232,183744,0
random,16,13,0.123053,8043,178038,0
random,16,14,0.131904,7884,175656,0
random,16,15,0.140669,7694,172731,0
random,16,16,0.149264,7459,170385,0
random,16,17,0.157774,7341,166953,0
random,16,18,0.166199,7162,162708,0
random,16,19,0.174538,7016,158172,0
random,16,20,0.182793,6837,154570,0
random,16,21,0.191048,6574,152152,0
random,16,22,0.199217,6175,147244,0
random,16,23,0.207302,6072,144243,0
random,16,24,0.215301,5899,142655,0
random,16,25,0.223215,5763,140049,0
random,16,26,0.231044,5576,136412,0
random,16,27,0.238788,5485,133000,0
random,16,28,0.246447,5414,130606,1
random,16,29,0.254021,5337,128260,0
random,16,30,0.26151,5255,126503,0
random,16,31,0.268913,5160,124497,0
random,16,32,0.276232,5023,120533,0
random,16,33,0.28355,4906,116886,0
random,16,34,0.290784,4832,114958,0
random,16,35,0.297932,4659,112385,0
random,16,36,0.304995,4601,110700,0
random,16,37,0.311973,4533,107892,0
random,16,38,0.318866,4459,105799,0
random,16,39,0.32576,4327,104160,0
random,16,40,0.332567,4242,102147,0
random,16,41,0.33929,4045,97325,0
random,16,42,0.345928,3969,96672,0
random,16,43,0.352481,3919,96021,0
random,16,44,0.359033,3851,94016,0
random,16,45,0.365501,3795,92512,0
random,16,46,0.371883,3702,89980,0
random,16,47,0.378181,3619,88102,0
random,16,48,0.384478,3473,85244,0
random,16,49,0.39069,3349,83018,0
random,16,50,0.396817,3303,81988,0
random,16,51,0.402859,3271,80565,0
random,16,52,0.408901,3214,79335,0
random,16,53,0.414858,3168,78336,0
random,16,54,0.42073,3108,77140,0
random,16,55,0.426602,2972,74250,0
random,16,56,0.432389,2908,72716,0
random,16,57,0.43809,2863,71024,0
random,16,58,0.443792,2835,69696,0
random,16,59,0.449409,2773,67680,0
random,16,60,0.45494,2669,65514,0
random,16,61,0.460471,2547,64074,0
random,16,62,0.465918,2508,62300,0
random,16,63,0.471279,2478,61419,0
random,16,64,0.47664,2427,59856,0
random,16,65,0.481916,2336,58652,0
random,16,66,0.487107,2301,57460,0
random,16,67,0.492299,2213,55778,0
random,16,68,0.497404,2144,54279,0
random,16,69,0.50251,2061,51840,0
random,17,0,0,10647,237405,
random,17,1,0.0100417,10444,232627,0
random,17,2,0.0199983,10268,229250,0
random,17,3,0.0298698,10017,223560,0
random,17,4,0.0395711,9851,221145,0
random,17,5,0.0491873,9684,217512,0
random,17,6,0.0587184,9414,214587,0
random,17,7,0.0681644,9258,212310,0
random,17,8,0.0775253,9061,207126,0
random,17,9,0.0868011,8909,204270,0
random,17,10,0.0959918,8682,200778,0
random,17,11,0.105097,8559,197600,0
random,17,12,0.114118,8419,193154,0
random,17,13,0.123053,8273,190302,0
random,17,14,0.131904,8120,187200,0
random,17,15,0.140669,7939,183226,0
random,17,16,0.149264,7821,180810,0
random,17,17,0.157774,7649,178410,1
random,17,18,0.166199,7506,175770,0
random,17,19,0.174538,7136,173196,0
random,17,20,0.182793,6912,168214,0
random,17,21,0.191048,6723,163900,0
random,17,22,0.199217,6598,158848,0
random,17,23,0.207302,6518,157388,0
random,17,24,0.215301,6363,154521,0
random,17,25,0.223215,6248,151725,0
random,17,26,0.231044,6125,150388,0
random,17,27,0.238788,6040,149527,0
random,17,28,0.246447,5964,145976,0
random,17,29,0.254021,5816,143256,0
random,17,30,0.26151,5737,141174,0
random,17,31,0.268913,5461,139000,0
random,17,32,0.276232,5339,135575,0
random,17,33,0.28355,5218,132248,0
random,17,34,0.290784,5108,130680,0
random,17,35,0.297932,5022,127148,0
random,17,36,0.304995,4935,124662,0
random,17,37,0.311973,4757,122200,0
random,17,38,0.318866,4686,120435,0
random,17,39,0.32576,4580,117300,0
random,17,40,0.332567,4501,115874,0
random,17,41,0.33929,4404,113000,0
random,17,42,0.345928,4284,110856,0
random,17,43,0.352481,4220,109668,0
random,17,44,0.359033,4094,106191,0
random,17,45,0.365501,4038,102960,0
random,17,46,0.371883,3982,101388,0
random,17,47,0.378181,3845,99640,0
random,17,48,0.384478,3777,97440,0
random,17,49,0.39069,3710,94990,0
random,17,50,0.396817,3659,92796,1
random,17,51,0.402859,3574,90450,0
random,17,52,0.408901,3423,89022,0
random,17,53,0.414858,3327,86724,0
random,17,54,0.42073,3220,85536,0
random,17,55,0.426602,3141,82923,0
random,17,56,0.432389,3049,80496,0
random,17,57,0.43809,3013,79456,0
random,17,58,0.443792,2943,76875,0
random,17,59,0.449409,2860,74370,1
random,17,60,0.45494,2800,72468,0
random,17,61,0.460471,2682,69866,0
random,17,62,0.465918,2632,69480,0
random,17,63,0.471279,2609,69287,0
random,17,64,0.47664,2535,67662,0
random,17,65,0.481916,2418,65824,0
random,17,66,0.487107,2381,65286,0
random,17,67,0.492299,2323,64233,0
random,17,68,0.497404,2190,62264,0
random,17,69,0.50251,2159,60180,4
random,18,0,0,10647,237405,
random,18,1,0.0100417,10457,232627,0
random,18,2,0.0199983,10247,226850,0
random,18,3,0.0298698,10026,221192,0
random,18,4,0.0395711,9604,218538,0
random,18,5,0.0491873,9483,216194,0
random,18,6,0.0587184,9185,210625,0
random,18,7,0.0681644,9085,208940,0
random,18,8,0.0775253,8935,203680,0
random,18,9,0.0868011,8728,200196,0
random,18,10,0.0959918,8542,195816,0
random,18,11,0.105097,8324,192400,0
random,18,12,0.114118,8214,189216,0
random,18,13,0.123053,7990,184896,0
random,18,14,0.131904,7825,181324,0
random,18,15,0.140669,7702,178290,0
random,18,16,0.149264,7627,176154,0
random,18,17,0.157774,7519,172670,0
random,18,18,0.166199,7373,168784,0
random,18,19,0.174538,7241,166158,0
random,18,20,0.182793,7112,162944,0
random,18,21,0.191048,6974,159367,0
random,18,22,0.199217,6867,156584,0
random,18,23,0.207302,6709,152946,0
random,18,24,0.215301,6623,150380,0
random,18,25,0.223215,6499,146880,0
random,18,26,0.231044,6339,144716,0
random,18,27,0.238788,6225,142000,0
random,18,28,0.246447,6131,138600,0
random,18,29,0.254021,6019,136989,0
random,18,30,0.26151,5906,134899,0
random,18,31,0.268913,5710,131104,0
random,18,32,0.276232,5569,128520,0
random,18,33,0.28355,5457,127032,0
random,18,34,0.290784,5363,124815,0
random,18,35,0.297932,5232,119917,0
random,18,36,0.304995,5040,117504,0
random,18,37,0.311973,4916,116078,0
random,18,38,0.318866,4817,113452,0
random,18,39,0.32576,4673,109915,0
random,18,40,0.332567,4605,107800,0
random,18,41,0.33929,4551,106191,0
random,18,42,0.345928,4492,104594,0
random,18,43,0.352481,4425,102960,0
random,18,44,0.359033,4282,100064,0
random,18,45,0.365501,4187,98230,0
random,18,46,0.371883,4116,96928,0
random,18,47,0.378181,4064,95584,0
random,18,48,0.384478,4024,94070,0
random,18,49,0.39069,3974,92690,0
random,18,50,0.396817,3937,90850,2
random,18,51,0.402859,3845,87808,0
random,18,52,0.408901,3774,85580,0
random,18,53,0.414858,3680,83712,1
random,18,54,0.42073,3578,81915,0
random,18,55,0.426602,3463,80301,0
random,18,56,0.432389,3383,79076,0
random,18,57,0.43809,3296,76336,1
random,18,58,0.443792,3199,73730,0
random,18,59,0.449409,3133,71757,0
random,18,60,0.45494,3090,70247,0
random,18,61,0.460471,3043,69451,0
random,18,62,0.465918,2971,68359,0
random,18,63,0.471279,2893,66392,0
random,18,64,0.47664,2833,65664,0
random,18,65,0.481916,2766,64449,0
random,18,66,0.487107,2674,62376,0
random,18,67,0.492299,2644,61456,1
random,18,68,0.497404,2574,60060,0
random,18,69,0.50251,2499,57702,0
random,19,0,0,10647,237405,
random,19,1,0.0100417,10369,234655,0
random,19,2,0.0199983,10226,232932,0
random,19,3,0.0298698,9948,229203,0
random,19,4,0.0395711,9739,224112,0
random,19,5,0.0491873,9375,218834,0
random,19,6,0.0587184,9182,215512,0
random,19,7,0.0681644,8924,209664,0
random,19,8,0.0775253,8784,205840,0
random,19,9,0.0868011,8594,198860,0
random,19,10,0.0959918,8301,193920,0
random,19,11,0.105097,8177,189000,0
random,19,12,0.114118,7989,184734,0
random,19,13,0.123053,7692,181412,0
random,19,14,0.131904,7547,178092,0
random,19,15,0.140669,7358,174528,0
random,19,16,0.149264,7191,172744,0
random,19,17,0.157774,7078,170430,0
random,19,18,0.166199,6910,165726,0
random,19,19,0.174538,6749,160857,0
random,19,20,0.182793,6649,158304,0
random,19,21,0.191048,6542,156600,0
random,19,22,0.199217,6443,153504,0
random,19,23,0.207302,6117,151294,0
random,19,24,0.215301,6025,148532,0
random,19,25,0.223215,5911,146076,0
random,19,26,0.231044,5740,141780,0
random,19,27,0.238788,5680,138777,0
random,19,28,0.246447,5501,135904,0
random,19,29,0.254021,5398,132348,0
random,19,30,0.26151,5267,126984,0
random,19,31,0.268913,5171,125188,0
random,19,32,0.276232,5073,123192,0
random,19,33,0.28355,4973,120744,0
random,19,34,0.290784,4921,118272,0
random,19,35,0.297932,4843,116535,0
random,19,36,0.304995,4784,115005,1
random,19,37,0.311973,4700,112585,0
random,19,38,0.318866,4563,110556,0
random,19,39,0.32576,4401,106628,0
random,19,40,0.332567,4330,105462,0
random,19,41,0.33929,4209,102960,0
random,19,42,0.345928,4069,100110,1
random,19,43,0.352481,4001,98792,0
random,19,44,0.359033,3905,97904,0
random,19,45,0.365501,3840,96370,0
random,19,46,0.371883,3768,93708,0
random,19,47,0.378181,3700,91982,3
random,19,48,0.384478,3660,91530,0
random,19,49,0.39069,3530,88220,0
random,19,50,0.396817,3485,86546,0
random,19,51,0.402859,3427,85892,0
random,19,52,0.408901,3365,84240,0
random,19,53,0.414858,3319,84024,0
random,19,54,0.42073,3270,82775,0
random,19,55,0.426602,3216,81962,1
random,19,56,0.432389,3167,79969,0
random,19,57,0.43809,3120,78166,0
random,19,58,0.443792,3008,76260,0
random,19,59,0.449409,2945,73566,0
random,19,60,0.45494,2908,72600,0
random,19,61,0.460471,2852,71117,0
random,19,62,0.465918,2765,68901,0
random,19,63,0.471279,2720,67041,0
random,19,64,0.47664,2635,65740,0
random,19,65,0.481916,2586,65550,0
random,19,66,0.487107,2522,63954,2
random,19,67,0.492299,2482,62496,0
random,19,68,0.497404,2439,61122,0
random,19,69,0.50251,2367,59730,0
random,20,0,0,10647,237405,
random,20,1,0.0100417,10374,231264,0
random,20,2,0.0199983,10202,227850,0
random,20,3,0.0298698,9985,224112,0
random,20,4,0.0395711,9770,217805,0
random,20,5,0.0491873,9658,214489,0
random,20,6,0.0587184,9559,212500,0
random,20,7,0.0681644,9376,209898,0
random,20,8,0.0775253,9151,204227,0
random,20,9,0.0868011,9066,202241,0
random,20,10,0.0959918,8944,197456,0
random,20,11,0.105097,8750,192878,0
random,20,12,0.114118,8579,188848,0
random,20,13,0.123053,8292,186396,0
random,20,14,0.131904,8157,182166,0
random,20,15,0.140669,7897,178602,0
random,20,16,0.149264,7778,176792,0
random,20,17,0.157774,7684,174420,0
random,20,18,0.166199,7581,170544,0
random,20,19,0.174538,7466,168214,0
random,20,20,0.182793,7339,162504,0
random,20,21,0.191048,7196,159595,0
random,20,22,0.199217,7107,156755,0
random,20,23,0.207302,6953,151725,0
random,20,24,0.215301,6825,148485,0
random,20,25,0.223215,6664,146076,0
random,20,26,0.231044,6550,142569,0
random,20,27,0.238788,6407,140716,0
random,20,28,0.246447,6253,136726,0
random,20,29,0.254021,6027,134416,0
random,20,30,0.26151,5939,132570,0
random,20,31,0.268913,5853,130784,0
random,20,32,0.276232,5755,127995,0
random,20,33,0.28355,5620,125019,0
random,20,34,0.290784,5487,121818,0
random,20,35,0.297932,5384,120105,0
random,20,36,0.304995,5285,118404,0
random,20,37,0.311973,5186,114608,0
random,20,38,0.318866,5111,112914,0
random,20,39,0.32576,5024,111475,0
random,20,40,0.332567,4968,109350,0
random,20,41,0.33929,4798,105465,0
random,20,42,0.345928,4709,104076,0
random,20,43,0.352481,4607,102726,0
random,20,44,0.359033,4509,100688,0
random,20,45,0.365501,4444,98406,0
random,20,46,0.371883,4370,96021,0
random,20,47,0.378181,4300,94016,0
random,20,48,0.384478,4209,92700,0
random,20,49,0.39069,4148,90496,0
random,20,50,0.396817,4089,89824,0
random,20,51,0.402859,4050,88977,0
random,20,52,0.408901,3914,86110,0
random,20,53,0.414858,3878,85674,0
random,20,54,0.42073,3786,83808,0
random,20,55,0.426602,3695,82560,2
random,20,56,0.432389,3638,80560,0
random,20,57,0.43809,3501,79381,0
random,20,58,0.443792,3449,77749,0
random,20,59,0.449409,3405,76495,0
random,20,60,0.45494,3321,74367,1
random,20,61,0.460471,3284,72829,2
random,20,62,0.465918,3241,71401,0
random,20,63,0.471279,3192,69893,0
random,20,64,0.47664,3125,68401,0
random,20,65,0.481916,3058,66445,0
random,20,66,0.487107,3013,64741,0
random,20,67,0.492299,2968,63245,0
random,20,68,0.497404,2906,61694,0
random,20,69,0.50251,2841,60611,1
random,21,0,0,10647,237405,
random,21,1,0.0100417,10512,235620,0
random,21,2,0.0199983,10312,231870,0
random,21,3,0.0298698,10051,228852,0
random,21,4,0.0395711,9786,222824,0
random,21,5,0.0491873,9407,218834,0
random,21,6,0.0587184,9040,213321,0
random,21,7,0.0681644,8854,209124,0
random,21,8,0.0775253,8677,204967,0
random,21,9,0.0868011,8590,202413,0
random,21,10,0.0959918,8427,200200,0
random,21,11,0.105097,8241,196707,0
random,21,12,0.114118,8068,190800,0
random,21,13,0.123053,7762,181744,0
random,21,14,0.131904,7656,179035,0
random,21,15,0.140669,7503,173400,0
random,21,16,0.149264,7300,170775,0
random,21,17,0.157774,7151,168445,0
random,21,18,0.166199,7061,164980,0
random,21,19,0.174538,6908,160416,0
random,21,20,0.182793,6733,157890,0
random,21,21,0.191048,6655,155382,0
random,21,22,0.199217,6446,150696,0
random,21,23,0.207302,6327,147147,0
random,21,24,0.215301,6172,143640,1
random,21,25,0.223215,5960,140709,0
random,21,26,0.231044,5835,138860,0
random,21,27,0.238788,5634,135200,0
random,21,28,0.246447,5479,132098,0
random,21,29,0.254021,5411,129032,0
random,21,30,0.26151,5305,125750,0
random,21,31,0.268913,5241,125000,0
random,21,32,0.276232,5161,122508,0
random,21,33,0.28355,5055,120540,0
random,21,34,0.290784,4969,118584,0
random,21,35,0.297932,4856,116162,0
random,21,36,0.304995,4725,112575,0
random,21,37,0.311973,4652,112100,0
random,21,38,0.318866,4545,108808,0
random,21,39,0.32576,4403,106943,0
random,21,40,0.332567,4301,104420,0
random,21,41,0.33929,4221,101472,0
random,21,42,0.345928,4168,99008,0
random,21,43,0.352481,4078,97458,0
random,21,44,0.359033,4009,94830,0
random,21,45,0.365501,3903,93095,0
random,21,46,0.371883,3814,90090,0
random,21,47,0.378181,3689,87975,0
random,21,48,0.384478,3635,86526,0
random,21,49,0.39069,3550,84665,0
random,21,50,0.396817,3485,82008,1
random,21,51,0.402859,3428,81204,0
random,21,52,0.408901,3300,79002,0
random,21,53,0.414858,3198,77224,2
random,21,54,0.42073,3098,75854,0
random,21,55,0.426602,3039,74498,0
random,21,56,0.432389,2985,72384,0
random,21,57,0.43809,2935,70500,0
random,21,58,0.443792,2847,69006,0
random,21,59,0.449409,2707,66612,0
random,21,60,0.45494,2658,65341,0
random,21,61,0.460471,2613,64260,0
random,21,62,0.465918,2582,64080,1
random,21,63,0.471279,2549,63540,1
random,21,64,0.47664,2517,62640,0
random,21,65,0.481916,2481,61397,0
random,21,66,0.487107,2432,60016,0
random,21,67,0.492299,2386,58638,1
random,21,68,0.497404,2367,57955,0
random,21,69,0.50251,2338,56430,0
random,22,0,0,10647,237405,
random,22,1,0.0100417,10452,232170,0
random,22,2,0.0199983,10322,227392,0
random,22,3,0.0298698,10114,222372,0
random,22,4,0.0395711,9840,218148,0
random,22,5,0.0491873,9586,211636,0
random,22,6,0.0587184,9429,208416,0
random,22,7,0.0681644,9253,205461,0
random,22,8,0.0775253,9062,199703,0
random,22,9,0.0868011,8941,195274,0
random,22,10,0.0959918,8711,191539,0
random,22,11,0.105097,8529,189014,0
random,22,12,0.114118,8289,184758,0
random,22,13,0.123053,8131,180495,0
random,22,14,0.131904,7895,177724,0
random,22,15,0.140669,7662,173712,0
random,22,16,0.149264,7544,171666,0
random,22,17,0.157774,7412,167610,0
random,22,18,0.166199,7308,163944,0
random,22,19,0.174538,7183,163350,0
random,22,20,0.182793,6942,158848,0
random,22,21,0.191048,6720,153045,0
random,22,22,0.199217,6633,151088,1
random,22,23,0.207302,6542,147768,0
random,22,24,0.215301,6411,145320,0
random,22,25,0.223215,6233,141824,0
random,22,26,0.231044,6160,140760,0
random,22,27,0.238788,6068,138325,0
random,22,28,0.246447,5952,133155,0
random,22,29,0.254021,5783,129055,0
random,22,30,0.26151,5681,127029,0
random,22,31,0.268913,5647,125498,0
random,22,32,0.276232,5536,119595,0
random,22,33,0.28355,5412,117392,0
random,22,34,0.290784,5230,115209,0
random,22,35,0.297932,5171,113750,0
random,22,36,0.304995,5113,113250,1
random,22,37,0.311973,4994,109962,0
random,22,38,0.318866,4857,107163,0
random,22,39,0.32576,4771,105799,0
random,22,40,0.332567,4695,103054,0
random,22,41,0.33929,4394,100854,0
random,22,42,0.345928,4352,100152,0
random,22,43,0.352481,4192,98637,0
random,22,44,0.359033,4123,95988,0
random,22,45,0.365501,4051,93856,0
random,22,46,0.371883,3957,91936,0
random,22,47,0.378181,3879,90228,0
random,22,48,0.384478,3778,87935,0
random,22,49,0.39069,3695,85244,0
random,22,50,0.396817,3649,83391,1
random,22,51,0.402859,3579,81558,0
random,22,52,0.408901,3539,79356,0
random,22,53,0.414858,3485,78358,1
random,22,54,0.42073,3437,76962,0
random,22,55,0.426602,3343,74052,0
random,22,56,0.432389,3266,72520,0
random,22,57,0.43809,3226,71540,0
random,22,58,0.443792,3160,70395,0
random,22,59,0.449409,3097,69646,0
random,22,60,0.45494,3031,67830,0
random,22,61,0.460471,2957,66717,0
random,22,62,0.465918,2899,65076,0
random,22,63,0.471279,2825,63664,1
random,22,64,0.47664,2776,62790,0
random,22,65,0.481916,2722,61218,0
random,22,66,0.487107,2673,60323,0
random,22,67,0.492299,2602,59136,0
random,22,68,0.497404,2547,57448,0
random,22,69,0.50251,2494,56108,0
random,23,0,0,10647,237405,
random,23,1,0.0100417,10474,232932,0
random,23,2,0.0199983,10253,227244,0
random,23,3,0.0298698,10116,223170,0
random,23,4,0.0395711,9917,218620,0
random,23,5,0.0491873,9710,214669,0
random,23,6,0.0587184,9570,210962,0
random,23,7,0.0681644,9403,205840,0
random,23,8,0.0775253,9107,200200,0
random,23,9,0.0868011,8811,194560,0
random,23,10,0.0959918,8665,191436,0
random,23,11,0.105097,8524,187740,0
random,23,12,0.114118,8340,184392,0
random,23,13,0.123053,8133,179288,0
random,23,14,0.131904,7934,176900,0
random,23,15,0.140669,7827,172200,0
random,23,16,0.149264,7692,167832,0
random,23,17,0.157774,7579,164640,0
random,23,18,0.166199,7436,162908,0
random,23,19,0.174538,7341,161768,0
random,23,20,0.182793,6875,156156,0
random,23,21,0.191048,6781,154185,0
random,23,22,0.199217,6694,150236,0
random,23,23,0.207302,6472,146196,1
random,23,24,0.215301,6303,143028,0
random,23,25,0.223215,6117,140107,0
random,23,26,0.231044,5954,137505,0
random,23,27,0.238788,5875,135394,0
random,23,28,0.246447,5778,134330,0
random,23,29,0.254021,5715,132202,0
random,23,30,0.26151,5596,129659,0
random,23,31,0.268913,5502,126284,0
random,23,32,0.276232,5396,123802,0
random,23,33,0.28355,5281,121776,0
random,23,34,0.290784,5206,119762,0
random,23,35,0.297932,5129,118272,0
random,23,36,0.304995,5023,116586,0
random,23,37,0.311973,4940,113850,0
random,23,38,0.318866,4793,112197,0
random,23,39,0.32576,4699,109174,0
random,23,40,0.332567,4618,108240,0
random,23,41,0.33929,4508,105462,0
random,23,42,0.345928,4474,103818,0
random,23,43,0.352481,4391,102907,0
random,23,44,0.359033,4306,100436,0
random,23,45,0.365501,4168,99120,0
random,23,46,0.371883,4077,96695,0
random,23,47,0.378181,4024,95584,0
random,23,48,0.384478,3948,94348,0
random,23,49,0.39069,3873,91708,0
random,23,50,0.396817,3751,90000,0
random,23,51,0.402859,3658,88134,0
random,23,52,0.408901,3588,86460,0
random,23,53,0.414858,3521,84972,0
random,23,54,0.42073,3391,82944,0
random,23,55,0.426602,3330,81106,0
random,23,56,0.432389,3279,79875,0
random,23,57,0.43809,3208,77748,0
random,23,58,0.443792,3171,74460,0
random,23,59,0.449409,3122,73124,0
random,23,60,0.45494,3073,71640,0
random,23,61,0.460471,3012,70686,0
random,23,62,0.465918,2932,67900,0
random,23,63,0.471279,2897,66778,0
random,23,64,0.47664,2836,65856,0
random,23,65,0.481916,2759,64108,0
random,23,66,0.487107,2675,61854,0
random,23,67,0.492299,2639,61305,0
random,23,68,0.497404,2608,59730,0
random,23,69,0.50251,2544,58206,0
random,24,0,0,10647,237405,
random,24,1,0.0100417,10488,234655,0
random,24,2,0.0199983,10299,231568,0
random,24,3,0.0298698,10111,226501,0
random,24,4,0.0395711,9847,220206,0
random,24,5,0.0491873,9608,212016,0
random,24,6,0.0587184,9391,207206,0
random,24,7,0.0681644,9095,203394,0
random,24,8,0.0775253,8892,196480,0
random,24,9,0.0868011,8656,190598,0
random,24,10,0.0959918,8485,186888,0
random,24,11,0.105097,8332,183210,0
random,24,12,0.114118,8148,176900,0
random,24,13,0.123053,7950,172172,0
random,24,14,0.131904,7770,168993,0
random,24,15,0.140669,7571,163787,0
random,24,16,0.149264,7471,161768,0
random,24,17,0.157774,7349,159759,0
random,24,18,0.166199,7169,156128,0
random,24,19,0.174538,6931,149800,0
random,24,20,0.182793,6670,144690,0
random,24,21,0.191048,6544,142546,0
random,24,22,0.199217,6345,138586,0
random,24,23,0.207302,6207,134937,0
random,24,24,0.215301,6114,131313,0
random,24,25,0.223215,5882,126735,0
random,24,26,0.231044,5722,123743,1
random,24,27,0.238788,5658,122000,0
random,24,28,0.246447,5576,120516,0
random,24,29,0.254021,5499,118066,0
random,24,30,0.26151,5444,116358,0
random,24,31,0.268913,5358,113216,0
random,24,32,0.276232,5277,110640,0
random,24,33,0.28355,5217,108960,0
random,24,34,0.290784,5094,106887,0
random,24,35,0.297932,5008,105045,0
random,24,36,0.304995,4893,103219,0
random,24,37,0.311973,4759,101409,0
random,24,38,0.318866,4649,99844,0
random,24,39,0.32576,4583,99157,0
random,24,40,0.332567,4503,98064,0
random,24,41,0.33929,4430,97383,0
random,24,42,0.345928,4348,95625,0
random,24,43,0.352481,4252,94500,0
random,24,44,0.359033,4152,92512,0
random,24,45,0.365501,4044,91430,0
random,24,46,0.371883,3996,90576,0
random,24,47,0.378181,3835,88944,0
random,24,48,0.384478,3776,87854,0
random,24,49,0.39069,3723,87200,0
random,24,50,0.396817,3667,84925,0
random,24,51,0.402859,3558,83888,0
random,24,52,0.408901,3452,81120,0
random,24,53,0.414858,3392,79130,1
random,24,54,0.42073,3355,78336,0
random,24,55,0.426602,3271,77343,0
random,24,56,0.432389,3173,75777,1
random,24,57,0.43809,3077,73656,0
random,24,58,0.443792,3035,72299,0
random,24,59,0.449409,2973,71175,0
random,24,60,0.45494,2915,70422,0
random,24,61,0.460471,2876,69646,0
random,24,62,0.465918,2817,68352,0
random,24,63,0.471279,2783,67584,0
random,24,64,0.47664,2710,65961,0
random,24,65,0.481916,2657,63640,1
random,24,66,0.487107,2596,62560,0
random,24,67,0.492299,2521,61671,0
random,24,68,0.497404,2452,59760,0
random,24,69,0.50251,2423,58354,0
random,25,0,0,10647,237405,
random,25,1,0.0100417,10493,232578,0
random,25,2,0.0199983,10247,228501,0
random,25,3,0.0298698,10014,223170,0
random,25,4,0.0395711,9817,219816,0
random,25,5,0.0491873,9530,214968,0
random,25,6,0.0587184,9309,210045,0
random,25,7,0.0681644,9206,206412,0
random,25,8,0.0775253,8976,201579,0
random,25,9,0.0868011,8756,198716,0
random,25,10,0.0959918,8544,196527,0
random,25,11,0.105097,8325,191912,0
random,25,12,0.114118,8059,187072,0
random,25,13,0.123053,7926,182792,0
random,25,14,0.131904,7767,177940,0
random,25,15,0.140669,7664,174328,0
random,25,16,0.149264,7530,170190,0
random,25,17,0.157774,7419,167862,0
random,25,18,0.166199,7261,162656,0
random,25,19,0.174538,7115,158952,0
random,25,20,0.182793,7033,154644,0
random,25,21,0.191048,6906,152946,0
random,25,22,0.199217,6715,149930,0
random,25,23,0.207302,6560,146432,0
random,25,24,0.215301,6389,143029,0
random,25,25,0.223215,6288,141400,0
random,25,26,0.231044,6197,138722,0
random,25,27,0.238788,6077,135135,1
random,25,28,0.246447,5993,133110,0
random,25,29,0.254021,5853,129850,1
random,25,30,0.26151,5729,127594,0
random,25,31,0.268913,5603,125097,0
random,25,32,0.276232,5560,123066,0
random,25,33,0.28355,5442,120175,0
random,25,34,0.290784,5362,118692,0
random,25,35,0.297932,5296,116464,1
random,25,36,0.304995,5251,116213,0
random,25,37,0.311973,5137,113620,0
random,25,38,0.318866,5079,111720,0
random,25,39,0.32576,5017,109350,0
random,25,40,0.332567,4951,108900,0
random,25,41,0.33929,4636,107280,0
random,25,42,0.345928,4521,105020,1
random,25,43,0.352481,4435,102258,1
random,25,44,0.359033,4359,100456,1
random,25,45,0.365501,4311,99528,0
random,25,46,0.371883,4238,97482,0
random,25,47,0.378181,4149,96140,0
random,25,48,0.384478,4058,94164,0
random,25,49,0.39069,4017,93524,0
random,25,50,0.396817,3917,90761,0
random,25,51,0.402859,3825,89320,0
random,25,52,0.408901,3778,88220,0
random,25,53,0.414858,3704,86764,0
random,25,54,0.42073,3625,85320,0
random,25,55,0.426602,3539,83283,0
random,25,56,0.432389,3427,81690,1
random,25,57,0.43809,3369,80080,0
random,25,58,0.443792,3305,78486,0
random,25,59,0.449409,3257,77900,0
random,25,60,0.45494,3194,77112,0
random,25,61,0.460471,3129,75516,2
random,25,62,0.465918,3055,73600,0
random,25,63,0.471279,2981,72666,0
random,25,64,0.47664,2922,71708,0
random,25,65,0.481916,2877,71117,3
random,25,66,0.487107,2767,68901,0
random,25,67,0.492299,2710,67968,2
random,25,68,0.497404,2670,67232,0
random,25,69,0.50251,2606,65800,0
random,26,0,0,10647,237405,
random,26,1,0.0100417,10513,234655,0
random,26,2,0.0199983,10045,229554,0
random,26,3,0.0298698,9768,223121,0
random,26,4,0.0395711,9559,219472,0
random,26,5,0.0491873,9334,216240,0
random,26,6,0.0587184,9193,210962,0
random,26,7,0.0681644,9053,206127,0
random,26,8,0.0775253,8786,203322,0
random,26,9,0.0868011,8594,198900,0
random,26,10,0.0959918,8470,197640,0
random,26,11,0.105097,8096,192708,0
random,26,12,0.114118,7944,187800,0
random,26,13,0.123053,7800,184473,0
random,26,14,0.131904,7714,180516,0
random,26,15,0.140669,7582,176320,0
random,26,16,0.149264,7395,171052,0
random,26,17,0.157774,7252,168150,0
random,26,18,0.166199,7154,165252,0
random,26,19,0.174538,6980,161280,0
random,26,20,0.182793,6798,157904,0
random,26,21,0.191048,6620,154536,0
random,26,22,0.199217,6499,149842,0
random,26,23,0.207302,6351,147400,0
random,26,24,0.215301,6107,143100,0
random,26,25,0.223215,5981,138852,0
random,26,26,0.231044,5741,134420,0
random,26,27,0.238788,5645,132090,0
random,26,28,0.246447,5510,128778,0
random,26,29,0.254021,5374,125496,0
random,26,30,0.26151,5267,123500,0
random,26,31,0.268913,5176,121512,0
random,26,32,0.276232,4964,118572,0
random,26,33,0.28355,4703,114932,0
random,26,34,0.290784,4604,112073,0
random,26,35,0.297932,4497,109250,0
random,26,36,0.304995,4435,106490,0
random,26,37,0.311973,4310,104647,0
random,26,38,0.318866,4152,102144,0
random,26,39,0.32576,4077,100113,0
random,26,40,0.332567,3981,98100,0
random,26,41,0.33929,3912,95230,0
random,26,42,0.345928,3830,93507,0
random,26,43,0.352481,3783,91796,0
random,26,44,0.359033,3721,89648,0
random,26,45,0.365501,3642,87550,0
random,26,46,0.371883,3547,85884,0
random,26,47,0.378181,3483,85272,0
random,26,48,0.384478,3410,84245,0
random,26,49,0.39069,3337,81755,0
random,26,50,0.396817,3277,79968,0
random,26,51,0.402859,3181,77952,0
random,26,52,0.408901,3112,76950,0
random,26,53,0.414858,3057,75411,0
random,26,54,0.42073,3010,74072,0
random,26,55,0.426602,2943,72369,0
random,26,56,0.432389,2901,70670,0
random,26,57,0.43809,2856,69745,0
random,26,58,0.443792,2802,69000,0
random,26,59,0.449409,2720,67704,0
random,26,60,0.45494,2684,66427,0
random,26,61,0.460471,2640,66246,0
random,26,62,0.465918,2574,65700,0
random,26,63,0.471279,2538,64614,0
random,26,64,0.47664,2485,63360,0
random,26,65,0.481916,2422,62292,0
random,26,66,0.487107,2393,61770,0
random,26,67,0.492299,2340,60200,0
random,26,68,0.497404,2309,59856,1
random,26,69,0.50251,2269,58482,0
random,27,0,0,10647,237405,
random,27,1,0.0100417,10162,232320,0
random,27,2,0.0199983,9959,229642,0
random,27,3,0.0298698,9728,224288,0
random,27,4,0.0395711,9598,221650,0
random,27,5,0.0491873,9415,217028,0
random,27,6,0.0587184,9247,215376,0
random,27,7,0.0681644,9060,210380,0
random,27,8,0.0775253,8889,205551,0
random,27,9,0.0868011,8682,201720,0
random,27,10,0.0959918,8571,199096,0
random,27,11,0.105097,8376,195274,0
random,27,12,0.114118,8252,191484,0
random,27,13,0.123053,8078,188692,0
random,27,14,0.131904,7883,185339,0
random,27,15,0.140669,7758,181958,0
random,27,16,0.149264,7514,176280,0
random,27,17,0.157774,7373,172670,0
random,27,18,0.166199,7232,169771,0
random,27,19,0.174538,7149,168850,0
random,27,20,0.182793,6733,165376,0
random,27,21,0.191048,6632,162174,0
random,27,22,0.199217,6506,159600,0
random,27,23,0.207302,6402,155400,0
random,27,24,0.215301,6289,153174,0
random,27,25,0.223215,6208,151320,0
random,27,26,0.231044,6059,146432,0
random,27,27,0.238788,5915,143764,0
random,27,28,0.246447,5828,142186,0
random,27,29,0.254021,5726,138000,0
random,27,30,0.26151,5624,135681,0
random,27,31,0.268913,5563,133552,0
random,27,32,0.276232,5445,130248,0
random,27,33,0.28355,5344,128260,0
random,27,34,0.290784,5136,125451,0
random,27,35,0.297932,4998,122808,0
random,27,36,0.304995,4894,119380,0
random,27,37,0.311973,4831,117645,0
random,27,38,0.318866,4791,115962,0
random,27,39,0.32576,4662,114291,0
random,27,40,0.332567,4564,112632,0
random,27,41,0.33929,4436,109626,0
random,27,42,0.345928,4379,107245,0
random,27,43,0.352481,4281,105399,0
random,27,44,0.359033,4167,102695,0
random,27,45,0.365501,4099,100889,1
random,27,46,0.371883,4038,98012,0
random,27,47,0.378181,3979,94950,0
random,27,48,0.384478,3838,92599,2
random,27,49,0.39069,3758,90470,0
random,27,50,0.396817,3621,88182,0
random,27,51,0.402859,3580,86708,0
random,27,52,0.408901,3527,86708,0
random,27,53,0.414858,3424,84840,0
random,27,54,0.42073,3328,82992,0
random,27,55,0.426602,3272,80546,0
random,27,56,0.432389,3210,78948,0
random,27,57,0.43809,3167,77749,0
random,27,58,0.443792,3126,77546,0
random,27,59,0.449409,3019,75800,0
random,27,60,0.45494,2942,74269,0
random,27,61,0.460471,2865,71410,0
random,27,62,0.465918,2820,70097,0
random,27,63,0.471279,2778,69350,0
random,27,64,0.47664,2730,66774,0
random,27,65,0.481916,2674,65148,0
random,27,66,0.487107,2645,64064,1
random,27,67,0.492299,2621,63169,0
random,27,68,0.497404,2574,61920,0
random,27,69,0.50251,2521,60502,0
random,28,0,0,10647,237405,
random,28,1,0.0100417,10413,229332,0
random,28,2,0.0199983,10189,221616,0
random,28,3,0.0298698,9977,217299,0
random,28,4,0.0395711,9806,215040,0
random,28,5,0.0491873,9573,213060,0
random,28,6,0.0587184,9502,210045,0
random,28,7,0.0681644,9303,203940,0
random,28,8,0.0775253,9143,201720,0
random,28,9,0.0868011,8921,197030,0
random,28,10,0.0959918,8812,194205,0
random,28,11,0.105097,8357,190200,0
random,28,12,0.114118,8197,187110,0
random,28,13,0.123053,8109,184275,0
random,28,14,0.131904,7907,179529,0
random,28,15,0.140669,7752,176256,0
random,28,16,0.149264,7597,174496,0
random,28,17,0.157774,7470,172368,0
random,28,18,0.166199,7299,169463,0
random,28,19,0.174538,7174,165390,0
random,28,20,0.182793,6850,158340,0
random,28,21,0.191048,6698,155584,0
random,28,22,0.199217,6569,152792,0
random,28,23,0.207302,6449,148960,0
random,28,24,0.215301,6282,145979,0
random,28,25,0.223215,6230,143520,0
random,28,26,0.231044,6126,141900,0
random,28,27,0.238788,6071,139740,0
random,28,28,0.246447,5905,136042,0
random,28,29,0.254021,5785,132468,0
random,28,30,0.26151,5677,130645,0
random,28,31,0.268913,5559,128344,0
random,28,32,0.276232,5489,127292,0
random,28,33,0.28355,5359,123760,0
random,28,34,0.290784,5244,121989,0
random,28,35,0.297932,5111,120486,0
random,28,36,0.304995,5024,118477,0
random,28,37,0.311973,4859,114660,0
random,28,38,0.318866,4818,113703,0
random,28,39,0.32576,4728,111750,0
random,28,40,0.332567,4631,107692,0
random,28,41,0.33929,4478,105595,0
random,28,42,0.345928,4346,102907,0
random,28,43,0.352481,4259,101280,0
random,28,44,0.359033,4144,99902,0
random,28,45,0.365501,4095,99424,0
random,28,46,0.371883,4049,98056,0
random,28,47,0.378181,3953,96288,0
random,28,48,0.384478,3892,94132,0
random,28,49,0.39069,3843,92967,0
random,28,50,0.396817,3793,91872,0
random,28,51,0.402859,3748,91408,0
random,28,52,0.408901,3673,88757,0
random,28,53,0.414858,3626,87462,1
random,28,54,0.42073,3428,85470,0
random,28,55,0.426602,3363,83658,0
random,28,56,0.432389,3306,82460,0
random,28,57,0.43809,3227,80410,2
random,28,58,0.443792,3172,77648,0
random,28,59,0.449409,3075,74415,0
random,28,60,0.45494,2969,72518,0
random,28,61,0.460471,2917,71200,0
random,28,62,0.465918,2867,69849,0
random,28,63,0.471279,2682,67860,0
random,28,64,0.47664,2600,66930,0
random,28,65,0.481916,2502,65280,0
random,28,66,0.487107,2471,64176,0
random,28,67,0.492299,2334,62084,0
random,28,68,0.497404,2276,61380,0
random,28,69,0.50251,2230,60680,0
random,29,0,0,10647,237405,
random,29,1,0.0100417,10459,233286,0
random,29,2,0.0199983,10241,227244,0
random,29,3,0.0298698,10055,224250,0
random,29,4,0.0395711,9865,218922,0
random,29,5,0.0491873,9632,211122,0
random,29,6,0.0587184,9517,208828,0
random,29,7,0.0681644,9360,205984,0
random,29,8,0.0775253,9174,201825,1
random,29,9,0.0868011,8973,197999,0
random,29,10,0.0959918,8811,193633,0
random,29,11,0.105097,8684,189916,0
random,29,12,0.114118,8509,185690,0
random,29,13,0.123053,8356,182028,0
random,29,14,0.131904,8081,178448,0
random,29,15,0.140669,7935,174858,0
random,29,16,0.149264,7806,171925,0
random,29,17,0.157774,7581,166424,0
random,29,18,0.166199,7482,162707,0
random,29,19,0.174538,7263,157914,0
random,29,20,0.182793,7055,155393,0
random,29,21,0.191048,6933,152344,0
random,29,22,0.199217,6831,149325,0
random,29,23,0.207302,6653,145527,0
random,29,24,0.215301,6586,144180,0
random,29,25,0.223215,6374,140980,0
random,29,26,0.231044,6219,138069,0
random,29,27,0.238788,6082,134421,0
random,29,28,0.246447,5998,131584,0
random,29,29,0.254021,5905,130048,0
random,29,30,0.26151,5839,128018,0
random,29,31,0.268913,5712,127008,0
random,29,32,0.276232,5622,124998,0
random,29,33,0.28355,5524,122264,0
random,29,34,0.290784,5348,119315,0
random,29,35,0.297932,5237,117612,0
random,29,36,0.304995,5172,116640,0
random,29,37,0.311973,5092,114475,0
random,29,38,0.318866,5016,113280,0
random,29,39,0.32576,4917,112098,0
random,29,40,0.332567,4793,109512,0
random,29,41,0.33929,4729,107413,0
random,29,42,0.345928,4632,105798,0
random,29,43,0.352481,4548,103512,0
random,29,44,0.359033,4443,100125,0
random,29,45,0.365501,4284,98124,0
random,29,46,0.371883,4197,96135,0
random,29,47,0.378181,4128,93732,0
random,29,48,0.384478,4030,92432,0
random,29,49,0.39069,3916,89040,0
random,29,50,0.396817,3826,88192,0
random,29,51,0.402859,3764,87980,1
random,29,52,0.408901,3645,85072,0
random,29,53,0.414858,3579,82215,0
random,29,54,0.42073,3524,79998,0
random,29,55,0.426602,3454,78606,0
random,29,56,0.432389,3408,77028,0
random,29,57,0.43809,3295,74480,0
random,29,58,0.443792,3207,72930,0
random,29,59,0.449409,3145,72556,0
random,29,60,0.45494,2991,69906,0
random,29,61,0.460471,2963,69342,0
random,29,62,0.465918,2922,68250,0
random,29,63,0.471279,2863,66588,0
random,29,64,0.47664,2815,64614,0
random,29,65,0.481916,2741,63543,0
random,29,66,0.487107,2674,62300,0
random,29,67,0.492299,2613,60896,0
random,29,68,0.497404,2565,59330,0
random,29,69,0.50251,2499,58812,0
