neuropil,intact_flow,n_types,n_sensory,n_motor,flow_after,flow_drop,random_mean,random_sd,excess_over_random,p_value
GNG,10647,1237,79,294,6952,0.34705,0.2055,0.020278,0.14154,0.0049751
LegNp(T3)(R),10647,389,27,10,9008,0.15394,0.067149,0.013066,0.086791,0.0049751
ANm,10647,584,28,77,9435,0.11383,0.099856,0.016219,0.013979,0.21393
SAD,10647,319,34,33,9521,0.10576,0.05549,0.010802,0.050267,0.0049751
LegNp(T2)(L),10647,456,7,10,9594,0.098901,0.077589,0.01316,0.021313,0.069652
LegNp(T2)(R),10647,131,16,8,9603,0.098056,0.021862,0.006801,0.076194,0.0049751
Ov(L),10647,115,24,1,9663,0.09242,0.020391,0.0067457,0.07203,0.0049751
AL(R),10647,226,50,1,9695,0.089415,0.0382,0.0097984,0.051215,0.0049751
LegNp(T3)(L),10647,366,11,8,9814,0.078238,0.062684,0.012634,0.015554,0.12935
IntTct,10647,234,8,11,9837,0.076078,0.040839,0.010263,0.035239,0.014925
WTct(UTct-T2)(L),10647,199,15,16,10080,0.053254,0.034531,0.0094607,0.018723,0.054726
LegNp(T1)(L),10647,377,9,8,10179,0.043956,0.064281,0.01124,-0.020325,0.99005
AL(L),10647,89,11,1,10238,0.038415,0.015169,0.0055834,0.023246,0.0049751
LTct,10647,302,5,15,10272,0.035221,0.05221,0.01174,-0.016989,0.98507
PRW,10647,116,7,5,10371,0.025923,0.020422,0.0075696,0.0055006,0.16915
HTct(UTct-T3)(L),10647,86,0,3,10421,0.021227,0.015364,0.0071768,0.0058622,0.12935
WTct(UTct-T2)(R),10647,94,6,7,10440,0.019442,0.017005,0.0074039,0.0024373,0.26368
mVAC(T2)(R),10647,16,1,0,10490,0.014746,0.0029074,0.0027632,0.011839,0.0099502
HTct(UTct-T3)(R),10647,60,1,0,10496,0.014182,0.010673,0.0049841,0.003509,0.16915
Ov(R),10647,20,3,0,10507,0.013149,0.0031746,0.0019908,0.0099746,0.0049751
mVAC(T2)(L),10647,18,4,0,10517,0.01221,0.0029276,0.0023422,0.0092824,0.024876
mVAC(T3)(R),10647,14,2,0,10540,0.01005,0.0023316,0.0026388,0.0077181,0.0199
WED(R),10647,155,0,2,10558,0.0083592,0.027361,0.0081379,-0.019002,1
SLP(R),10647,478,0,3,10563,0.0078895,0.08284,0.014159,-0.07495,1
ME(R),10647,229,7,0,10566,0.0076078,0.03901,0.0090707,-0.031402,1
AVLP(R),10647,691,0,11,10566,0.0076078,0.11706,0.016935,-0.10945,1
LH(R),10647,322,0,0,10574,0.0068564,0.055136,0.010666,-0.04828,1
LegNp(T1)(R),10647,63,3,0,10589,0.0054475,0.010281,0.0042011,-0.0048333,0.93035
AVLP(L),10647,191,0,1,10592,0.0051658,0.032854,0.0081949,-0.027689,1
SLP(L),10647,250,0,0,10601,0.0043205,0.043105,0.0097829,-0.038784,1
ME(L),10647,67,2,0,10601,0.0043205,0.011879,0.0051948,-0.0075589,0.99005
mVAC(T1)(L),10647,11,1,0,10602,0.0042265,0.0018508,0.0020815,0.0023758,0.099502
mVAC(T3)(L),10647,7,2,0,10605,0.0039448,0.0012924,0.002737,0.0026524,0.044776
NTct(UTct-T1)(L),10647,22,0,5,10610,0.0034752,0.0036663,0.0029092,-0.00019113,0.40796
WED(L),10647,74,0,0,10611,0.0033812,0.01266,0.0051197,-0.0092791,1
DMetaN(L),10647,2,2,0,10614,0.0030995,0.0004823,0.0022005,0.0026172,0.034826
LH(L),10647,116,0,0,10619,0.0026298,0.020422,0.0075696,-0.017792,1
PLP(R),10647,303,0,6,10631,0.0015028,0.051201,0.010296,-0.049698,1
SPS(R),10647,122,0,22,10634,0.001221,0.020799,0.0070361,-0.019578,1
IPS(R),10647,69,0,20,10635,0.0011271,0.011856,0.0046759,-0.010729,1
VES(R),10647,55,0,4,10637,0.00093923,0.0086527,0.0039894,-0.0077134,1
SMP(L),10647,347,0,5,10637,0.00093923,0.060512,0.012571,-0.059573,1
SPS(L),10647,131,0,16,10637,0.00093923,0.021862,0.006801,-0.020922,1
AME(R),10647,10,1,0,10638,0.00084531,0.0014948,0.0012789,-0.00064948,0.64179
CRE(L),10647,145,0,0,10640,0.00065746,0.025535,0.0076064,-0.024878,1
NTct(UTct-T1)(R),10647,4,0,1,10640,0.00065746,0.00069785,0.0011124,-4.0387e-05,0.34328
SIP(L),10647,96,0,1,10641,0.00056354,0.016226,0.0064446,-0.015662,1
IPS(L),10647,41,0,9,10642,0.00046962,0.0071588,0.0045279,-0.0066892,1
SIP(R),10647,108,0,2,10642,0.00046962,0.019588,0.0083339,-0.019119,1
mVAC(T1)(R),10647,2,0,0,10642,0.00046962,0.0004823,0.0022005,-1.268e-05,0.24876
PLP(L),10647,90,0,5,10642,0.00046962,0.015717,0.0060618,-0.015247,1
LO(R),10647,235,0,0,10643,0.00037569,0.040605,0.0093307,-0.04023,1
LAL(L),10647,179,0,5,10643,0.00037569,0.030428,0.0089836,-0.030053,1
LA(R),10647,2,1,0,10643,0.00037569,0.0004823,0.0022005,-0.0001066,0.31841
SMP(R),10647,313,0,1,10643,0.00037569,0.053334,0.009846,-0.052959,1
SCL(L),10647,16,0,0,10644,0.00028177,0.0029074,0.0027632,-0.0026256,1
PVLP(L),10647,83,0,5,10644,0.00028177,0.01407,0.0061996,-0.013788,1
LOP(R),10647,78,0,0,10645,0.00018785,0.013124,0.005873,-0.012936,1
IB,10647,176,0,7,10645,0.00018785,0.030898,0.0090663,-0.030711,1
LOP(L),10647,10,0,0,10646,9.3923e-05,0.0014948,0.0012789,-0.0014009,0.99502
SCL(R),10647,33,0,0,10646,9.3923e-05,0.0058524,0.0032147,-0.0057584,1
PVLP(R),10647,147,0,5,10646,9.3923e-05,0.025942,0.0077132,-0.025848,1
ICL(R),10647,30,0,0,10646,9.3923e-05,0.0054349,0.0035681,-0.0053409,1
FLA(L),10647,1,0,0,10646,9.3923e-05,0.00028177,0.00091378,-0.00018785,0.35323
FB,10647,231,0,0,10646,9.3923e-05,0.039578,0.010451,-0.039484,1
FLA(R),10647,4,0,0,10646,9.3923e-05,0.00069785,0.0011124,-0.00060393,0.87562
CA(L),10647,1,0,0,10647,0,0.00028177,0.00091378,-0.00028177,1
AOTU(L),10647,22,0,0,10647,0,0.0036663,0.0029092,-0.0036663,1
AME(L),10647,1,0,0,10647,0,0.00028177,0.00091378,-0.00028177,1
ATL(L),10647,13,0,0,10647,0,0.0023753,0.0021066,-0.0023753,1
AB(R),10647,5,0,0,10647,0,0.00078942,0.0012421,-0.00078942,1
CRE(R),10647,27,0,0,10647,0,0.0048037,0.0032958,-0.0048037,1
CA(R),10647,4,0,0,10647,0,0.00069785,0.0011124,-0.00069785,1
EPA(L),10647,2,0,0,10647,0,0.0004823,0.0022005,-0.0004823,1
AOTU(R),10647,52,0,0,10647,0,0.0091228,0.0046687,-0.0091228,1
ICL(L),10647,125,0,10,10647,0,0.021294,0.0070026,-0.021294,1
GOR(R),10647,2,0,0,10647,0,0.0004823,0.0022005,-0.0004823,1
EB,10647,36,0,0,10647,0,0.0063577,0.0047513,-0.0063577,1
LO(L),10647,40,0,1,10647,0,0.0067686,0.0034498,-0.0067686,1
PB,10647,7,0,0,10647,0,0.0012924,0.002737,-0.0012924,1
NO,10647,15,0,0,10647,0,0.0024575,0.0023751,-0.0024575,1
LAL(R),10647,68,0,2,10647,0,0.01166,0.0057007,-0.01166,1
VES(L),10647,81,0,8,10647,0,0.01401,0.0050905,-0.01401,1
bL(L),10647,7,0,0,10647,0,0.0012924,0.002737,-0.0012924,1
b'L(L),10647,10,0,0,10647,0,0.0014948,0.0012789,-0.0014948,1
aL(R),10647,8,0,0,10647,0,0.0014962,0.0022133,-0.0014962,1
aL(L),10647,2,0,0,10647,0,0.0004823,0.0022005,-0.0004823,1
a'L(R),10647,7,0,0,10647,0,0.0012924,0.002737,-0.0012924,1
a'L(L),10647,1,0,0,10647,0,0.00028177,0.00091378,-0.00028177,1
gL(L),10647,22,0,0,10647,0,0.0036663,0.0029092,-0.0036663,1
gL(R),10647,5,0,0,10647,0,0.00078942,0.0012421,-0.00078942,1
